Location,Time,Severity,Cause,Latitude,Longitude
Hilltop Street,2024-12-20 04:15:00,High,Road debris,37.777038,-122.429769
Riverfront Drive,2024-12-20 10:52:00,Medium,Construction work,36.13779,-115.106754
Elmwood Road,2024-12-20 23:00:00,Low,Multi-vehicle crash,41.856572,-87.618667
Riverfront Drive,2024-12-21 00:33:00,Low,Pedestrian crossing,36.127505,-115.125323
Maple Avenue,2024-12-20 01:41:00,High,Heavy rain,35.05044,-106.648633
Cedar Lane,2024-12-21 02:45:00,Medium,Vehicle breakdown,42.399247,-71.046349
Main Street,2024-12-21 14:43:00,Medium,Heavy rain,40.739426,-73.95296
Cedar Lane,2024-12-21 20:21:00,High,Animal on road,42.381841,-71.024261
Downtown Avenue,2024-12-20 02:01:00,High,Heavy rain,34.064992,-118.233487
Broadway Boulevard,2024-12-21 06:35:00,Low,Fog,38.915704,-77.027747
Downtown Avenue,2024-12-20 23:43:00,Medium,Construction work,34.087162,-118.215393
Maple Avenue,2024-12-21 16:23:00,Low,Pedestrian crossing,35.056852,-106.613636
Downtown Avenue,2024-12-21 11:48:00,Low,Construction work,34.05359,-118.24492
Elmwood Road,2024-12-21 20:04:00,High,Construction work,41.898777,-87.64846
Broadway Boulevard,2024-12-20 17:44:00,High,Road debris,38.939752,-77.033085
Broadway Boulevard,2024-12-20 10:01:00,High,Pedestrian crossing,38.903377,-77.006767
Elmwood Road,2024-12-21 04:21:00,Medium,Multi-vehicle crash,41.881294,-87.611002
Downtown Avenue,2024-12-20 06:06:00,Low,Traffic signal fail,34.061441,-118.240013
Lakeview Parkway,2024-12-20 00:37:00,High,Construction work,39.750505,-104.911694
Riverfront Drive,2024-12-21 16:30:00,Low,Traffic signal fail,36.114033,-115.137451
Lakeview Parkway,2024-12-21 15:28:00,Low,Road debris,39.768096,-104.915792
Hilltop Street,2024-12-21 11:17:00,Low,Pedestrian crossing,37.773718,-122.446926
Oakwood Drive,2024-12-20 11:15:00,Medium,Fog,33.751301,-96.777995
Cedar Lane,2024-12-21 17:22:00,High,Multi-vehicle crash,42.380371,-71.027781
Broadway Boulevard,2024-12-21 11:38:00,Medium,Fog,38.925721,-77.020184
Maple Avenue,2024-12-21 03:26:00,High,Construction work,35.058341,-106.629077
Riverfront Drive,2024-12-20 13:31:00,High,Construction work,36.138464,-115.13427
Cedar Lane,2024-12-20 15:01:00,Low,Traffic signal fail,42.361211,-71.033285
Elmwood Road,2024-12-21 19:39:00,Low,Animal on road,41.873611,-87.629852
Oakwood Drive,2024-12-21 09:18:00,Medium,Road debris,33.790569,-96.772698
Riverfront Drive,2024-12-20 22:02:00,High,Construction work,36.103295,-115.120984
Riverfront Drive,2024-12-20 23:29:00,Medium,Traffic signal fail,36.124812,-115.112635
Broadway Boulevard,2024-12-20 09:14:00,Low,Fog,38.94035,-77.005649
Oakwood Drive,2024-12-20 06:54:00,Medium,Vehicle breakdown,33.76708,-96.753979
Maple Avenue,2024-12-20 03:41:00,Medium,Pedestrian crossing,35.093487,-106.609443
Maple Avenue,2024-12-20 12:31:00,High,Pedestrian crossing,35.069976,-106.634012
Riverfront Drive,2024-12-21 04:51:00,Low,Construction work,36.148569,-115.144082
Downtown Avenue,2024-12-20 02:35:00,High,Traffic signal fail,34.089647,-118.244924
Lakeview Parkway,2024-12-21 19:38:00,High,Heavy rain,39.781953,-104.916749
Elmwood Road,2024-12-20 01:01:00,Low,Road debris,41.881814,-87.639573
Riverfront Drive,2024-12-21 21:45:00,High,Multi-vehicle crash,36.118791,-115.121754
Maple Avenue,2024-12-20 09:53:00,High,Road debris,35.050841,-106.631901
Broadway Boulevard,2024-12-20 04:50:00,High,Multi-vehicle crash,38.90211,-77.011659
Cedar Lane,2024-12-21 08:20:00,Low,Vehicle breakdown,42.383705,-71.028709
Oakwood Drive,2024-12-20 15:53:00,Medium,Heavy rain,33.798001,-96.795179
Oakwood Drive,2024-12-20 02:42:00,Medium,Fog,33.779078,-96.788128
Hilltop Street,2024-12-21 04:11:00,Low,Animal on road,37.774847,-122.422375
Cedar Lane,2024-12-21 04:10:00,Medium,Vehicle breakdown,42.382672,-71.045193
Elmwood Road,2024-12-20 06:54:00,Medium,Pedestrian crossing,41.883789,-87.616489
Elmwood Road,2024-12-20 19:02:00,High,Fog,41.890566,-87.624437
Cedar Lane,2024-12-21 10:37:00,High,Construction work,42.361435,-71.014613
Oakwood Drive,2024-12-20 00:15:00,Low,Construction work,33.793321,-96.786749
Broadway Boulevard,2024-12-21 17:53:00,Low,Road debris,38.906326,-77.048916
Elmwood Road,2024-12-21 16:57:00,Low,Fog,41.890691,-87.643837
Lakeview Parkway,2024-12-20 05:49:00,Medium,Construction work,39.789808,-104.902313
Downtown Avenue,2024-12-20 07:23:00,High,Animal on road,34.051324,-118.223198
Main Street,2024-12-20 15:40:00,Low,Animal on road,40.719608,-73.959602
Elmwood Road,2024-12-21 00:08:00,Medium,Heavy rain,41.859272,-87.609873
Main Street,2024-12-20 15:24:00,High,Animal on road,40.744459,-73.983345
Riverfront Drive,2024-12-20 05:04:00,Low,Animal on road,36.122086,-115.13184
Riverfront Drive,2024-12-20 01:36:00,Low,Vehicle breakdown,36.142132,-115.104022
Lakeview Parkway,2024-12-20 01:41:00,Medium,Heavy rain,39.761962,-104.907651
Hilltop Street,2024-12-20 00:47:00,High,Animal on road,37.765007,-122.439284
Maple Avenue,2024-12-21 14:21:00,High,Multi-vehicle crash,35.081634,-106.646315
Hilltop Street,2024-12-20 04:44:00,Medium,Heavy rain,37.767353,-122.444128
Hilltop Street,2024-12-21 20:14:00,High,Traffic signal fail,37.78987,-122.441884
Downtown Avenue,2024-12-20 10:48:00,High,Fog,34.078314,-118.205285
Lakeview Parkway,2024-12-20 06:32:00,High,Pedestrian crossing,39.750947,-104.903491
Downtown Avenue,2024-12-20 08:26:00,Low,Road debris,34.063545,-118.221444
Elmwood Road,2024-12-21 04:31:00,High,Traffic signal fail,41.874771,-87.644441
Broadway Boulevard,2024-12-21 14:13:00,High,Heavy rain,38.944543,-77.042139
Lakeview Parkway,2024-12-20 21:14:00,High,Animal on road,39.784743,-104.948792
Broadway Boulevard,2024-12-20 17:43:00,Medium,Fog,38.906355,-77.015249
Lakeview Parkway,2024-12-21 05:40:00,High,Heavy rain,39.774574,-104.938805
Downtown Avenue,2024-12-20 19:52:00,Low,Animal on road,34.053465,-118.20361
Main Street,2024-12-21 17:08:00,Low,Heavy rain,40.731552,-73.972729
Main Street,2024-12-20 20:52:00,High,Animal on road,40.748025,-73.986657
Broadway Boulevard,2024-12-21 05:43:00,Medium,Pedestrian crossing,38.949537,-77.001039
Maple Avenue,2024-12-20 03:05:00,Low,Pedestrian crossing,35.063464,-106.649861
Elmwood Road,2024-12-21 00:56:00,Medium,Vehicle breakdown,41.8563,-87.627046
Hilltop Street,2024-12-21 01:08:00,High,Vehicle breakdown,37.780764,-122.43969
Downtown Avenue,2024-12-20 03:55:00,Low,Multi-vehicle crash,34.068313,-118.236726
Cedar Lane,2024-12-21 05:12:00,Medium,Road debris,42.399863,-71.033298
Broadway Boulevard,2024-12-20 00:06:00,High,Multi-vehicle crash,38.924946,-77.029654
Broadway Boulevard,2024-12-20 12:01:00,High,Vehicle breakdown,38.909049,-77.011505
Broadway Boulevard,2024-12-20 16:50:00,Medium,Road debris,38.949549,-77.036925
Oakwood Drive,2024-12-21 22:38:00,Medium,Traffic signal fail,33.770951,-96.798917
Main Street,2024-12-21 14:42:00,Medium,Fog,40.719974,-73.966557
Downtown Avenue,2024-12-20 13:57:00,High,Pedestrian crossing,34.076206,-118.219811
Maple Avenue,2024-12-20 13:39:00,High,Traffic signal fail,35.058526,-106.616924
Riverfront Drive,2024-12-20 14:14:00,High,Traffic signal fail,36.144889,-115.117383
Main Street,2024-12-20 03:36:00,High,Animal on road,40.71469,-73.987308
Downtown Avenue,2024-12-20 01:43:00,Medium,Fog,34.072668,-118.247178
Downtown Avenue,2024-12-21 19:40:00,Medium,Road debris,34.067852,-118.230005
Lakeview Parkway,2024-12-20 03:18:00,Low,Construction work,39.769022,-104.910773
Hilltop Street,2024-12-20 00:14:00,High,Road debris,37.768758,-122.412
Lakeview Parkway,2024-12-21 03:18:00,Medium,Traffic signal fail,39.797762,-104.910389
Riverfront Drive,2024-12-20 04:26:00,Low,Traffic signal fail,36.146437,-115.106584
Hilltop Street,2024-12-20 03:12:00,High,Construction work,37.788658,-122.419197
Hilltop Street,2024-12-21 20:27:00,High,Road debris,37.756665,-122.418231
Maple Avenue,2024-12-21 12:07:00,Medium,Pedestrian crossing,35.083104,-106.644785
Hilltop Street,2024-12-20 09:17:00,High,Animal on road,37.797541,-122.449209
Hilltop Street,2024-12-20 15:09:00,Medium,Road debris,37.787196,-122.42251
Main Street,2024-12-21 04:13:00,Low,Road debris,40.747119,-73.979932
Oakwood Drive,2024-12-20 11:55:00,Medium,Traffic signal fail,33.782575,-96.79938
Main Street,2024-12-21 02:23:00,Medium,Multi-vehicle crash,40.704185,-73.953289
Lakeview Parkway,2024-12-20 08:03:00,Medium,Fog,39.780068,-104.945946
Riverfront Drive,2024-12-20 16:37:00,Medium,Multi-vehicle crash,36.135867,-115.108418
Riverfront Drive,2024-12-20 11:30:00,Medium,Fog,36.131643,-115.145912
Hilltop Street,2024-12-20 17:42:00,Medium,Multi-vehicle crash,37.778438,-122.427659
Lakeview Parkway,2024-12-21 06:01:00,High,Vehicle breakdown,39.790864,-104.918781
Oakwood Drive,2024-12-20 06:43:00,Medium,Vehicle breakdown,33.765604,-96.7642
Elmwood Road,2024-12-20 14:33:00,Low,Animal on road,41.852675,-87.619962
Broadway Boulevard,2024-12-20 15:09:00,Medium,Traffic signal fail,38.911462,-77.048433
Cedar Lane,2024-12-21 19:31:00,Medium,Pedestrian crossing,42.367103,-71.034491
Cedar Lane,2024-12-20 03:07:00,High,Multi-vehicle crash,42.368622,-71.022656
Lakeview Parkway,2024-12-21 15:29:00,Medium,Construction work,39.794612,-104.941144
Main Street,2024-12-20 08:44:00,High,Traffic signal fail,40.712686,-73.957551
Maple Avenue,2024-12-20 14:24:00,High,Vehicle breakdown,35.092784,-106.628579
Hilltop Street,2024-12-21 20:11:00,High,Heavy rain,37.782921,-122.428065
Maple Avenue,2024-12-20 10:38:00,Low,Pedestrian crossing,35.063897,-106.643402
Hilltop Street,2024-12-20 07:50:00,Low,Heavy rain,37.768996,-122.445227
Lakeview Parkway,2024-12-21 03:56:00,High,Construction work,39.786284,-104.910925
Riverfront Drive,2024-12-21 04:33:00,Low,Pedestrian crossing,36.134266,-115.132021
Hilltop Street,2024-12-21 13:52:00,High,Road debris,37.765628,-122.445415
Oakwood Drive,2024-12-20 07:30:00,Medium,Pedestrian crossing,33.779255,-96.766854
Downtown Avenue,2024-12-21 12:27:00,Low,Fog,34.064711,-118.224998
Main Street,2024-12-21 09:45:00,High,Animal on road,40.749228,-73.957629
Maple Avenue,2024-12-21 14:53:00,Medium,Animal on road,35.05552,-106.607387
Lakeview Parkway,2024-12-21 07:55:00,Medium,Road debris,39.786203,-104.935674
Riverfront Drive,2024-12-20 18:45:00,High,Pedestrian crossing,36.139267,-115.115411
Hilltop Street,2024-12-21 05:50:00,High,Traffic signal fail,37.752891,-122.439078
Cedar Lane,2024-12-20 16:14:00,High,Traffic signal fail,42.375552,-71.006998
Downtown Avenue,2024-12-20 19:13:00,Medium,Animal on road,34.06887,-118.22337
Main Street,2024-12-21 09:01:00,Medium,Fog,40.734656,-73.963193
Main Street,2024-12-21 19:50:00,Medium,Heavy rain,40.748761,-73.979539
Main Street,2024-12-20 16:00:00,Low,Vehicle breakdown,40.716015,-73.988266
Lakeview Parkway,2024-12-21 09:21:00,Medium,Animal on road,39.786343,-104.916809
Main Street,2024-12-20 21:42:00,High,Fog,40.723049,-73.999359
Cedar Lane,2024-12-20 14:15:00,Medium,Road debris,42.359672,-71.042338
Main Street,2024-12-20 20:29:00,Low,Vehicle breakdown,40.737679,-73.986303
Downtown Avenue,2024-12-21 18:09:00,Medium,Pedestrian crossing,34.064027,-118.213015
Hilltop Street,2024-12-20 10:18:00,High,Construction work,37.765706,-122.429797
Main Street,2024-12-20 23:15:00,Low,Multi-vehicle crash,40.718029,-73.952946
Elmwood Road,2024-12-21 14:27:00,Low,Vehicle breakdown,41.892594,-87.620836
Lakeview Parkway,2024-12-21 23:53:00,High,Animal on road,39.785718,-104.924345
Cedar Lane,2024-12-20 05:31:00,High,Vehicle breakdown,42.369314,-71.0139
Main Street,2024-12-21 07:35:00,High,Traffic signal fail,40.731839,-73.953702
Lakeview Parkway,2024-12-21 08:33:00,Medium,Road debris,39.754181,-104.927685
Maple Avenue,2024-12-21 20:25:00,Medium,Construction work,35.054759,-106.624622
Main Street,2024-12-20 03:52:00,Low,Traffic signal fail,40.731675,-73.978627
Maple Avenue,2024-12-20 14:29:00,High,Pedestrian crossing,35.055279,-106.603807
Main Street,2024-12-21 11:10:00,High,Construction work,40.737191,-73.979975
Downtown Avenue,2024-12-20 01:01:00,Medium,Road debris,34.08006,-118.240506
Maple Avenue,2024-12-20 05:28:00,Medium,Heavy rain,35.089907,-106.640515
Broadway Boulevard,2024-12-21 14:59:00,Low,Vehicle breakdown,38.916307,-77.048052
Hilltop Street,2024-12-20 05:52:00,Low,Animal on road,37.79305,-122.40962
Lakeview Parkway,2024-12-20 00:23:00,High,Fog,39.75029,-104.916194
Oakwood Drive,2024-12-20 04:55:00,Medium,Fog,33.767559,-96.760551
Riverfront Drive,2024-12-21 09:51:00,Low,Road debris,36.113933,-115.132975
Main Street,2024-12-20 03:13:00,Medium,Fog,40.714966,-73.968419
Riverfront Drive,2024-12-20 14:16:00,High,Heavy rain,36.130293,-115.127462
Oakwood Drive,2024-12-20 13:21:00,High,Multi-vehicle crash,33.774896,-96.795067
Broadway Boulevard,2024-12-21 00:13:00,Low,Traffic signal fail,38.911374,-77.029348
Elmwood Road,2024-12-20 14:21:00,High,Traffic signal fail,41.884981,-87.616472
Riverfront Drive,2024-12-20 14:51:00,Medium,Vehicle breakdown,36.108266,-115.127835
Riverfront Drive,2024-12-21 20:46:00,Low,Heavy rain,36.13659,-115.127934
Downtown Avenue,2024-12-21 12:18:00,Medium,Construction work,34.08865,-118.220965
Cedar Lane,2024-12-20 16:56:00,Low,Construction work,42.382941,-71.000477
Oakwood Drive,2024-12-20 07:40:00,High,Pedestrian crossing,33.795843,-96.762286
Cedar Lane,2024-12-20 19:28:00,Medium,Fog,42.369338,-71.003065
Broadway Boulevard,2024-12-20 05:04:00,Medium,Vehicle breakdown,38.940269,-77.013417
Riverfront Drive,2024-12-20 17:26:00,High,Animal on road,36.110401,-115.121507
Oakwood Drive,2024-12-20 06:13:00,Low,Traffic signal fail,33.757624,-96.782945
Hilltop Street,2024-12-20 05:12:00,High,Road debris,37.769167,-122.402394
Oakwood Drive,2024-12-21 01:20:00,High,Fog,33.766943,-96.754042
Oakwood Drive,2024-12-21 06:15:00,Medium,Vehicle breakdown,33.777163,-96.771091
Cedar Lane,2024-12-20 19:19:00,High,Vehicle breakdown,42.351428,-71.011442
Cedar Lane,2024-12-21 05:34:00,Low,Fog,42.390283,-71.024829
Hilltop Street,2024-12-20 03:33:00,Low,Traffic signal fail,37.792997,-122.419022
Riverfront Drive,2024-12-20 17:42:00,Medium,Multi-vehicle crash,36.137707,-115.130359
Lakeview Parkway,2024-12-20 05:46:00,Low,Pedestrian crossing,39.771128,-104.918029
Riverfront Drive,2024-12-21 17:31:00,Low,Heavy rain,36.127157,-115.133592
Main Street,2024-12-21 08:53:00,High,Animal on road,40.744669,-73.964275
Lakeview Parkway,2024-12-21 15:42:00,Medium,Vehicle breakdown,39.754297,-104.92598
Elmwood Road,2024-12-20 17:54:00,High,Heavy rain,41.874378,-87.640704
Main Street,2024-12-21 19:18:00,Low,Traffic signal fail,40.726357,-73.975268
Maple Avenue,2024-12-21 19:51:00,High,Animal on road,35.061033,-106.614094
Maple Avenue,2024-12-21 11:48:00,Low,Road debris,35.063843,-106.64057
Riverfront Drive,2024-12-20 23:36:00,Low,Animal on road,36.140431,-115.129276
Hilltop Street,2024-12-21 19:20:00,Low,Fog,37.753507,-122.406239
Cedar Lane,2024-12-21 05:20:00,Medium,Multi-vehicle crash,42.387345,-71.030326
Hilltop Street,2024-12-21 04:54:00,High,Traffic signal fail,37.760507,-122.419311
Oakwood Drive,2024-12-21 10:01:00,High,Fog,33.759152,-96.757017
Lakeview Parkway,2024-12-20 23:39:00,Medium,Pedestrian crossing,39.750996,-104.927837
Downtown Avenue,2024-12-21 22:37:00,Low,Construction work,34.088966,-118.225403
Main Street,2024-12-20 01:11:00,Medium,Heavy rain,40.741239,-73.991326
Maple Avenue,2024-12-20 04:28:00,Low,Fog,35.089909,-106.636492
Elmwood Road,2024-12-20 00:22:00,High,Multi-vehicle crash,41.858785,-87.612304
Downtown Avenue,2024-12-20 11:10:00,Low,Multi-vehicle crash,34.099079,-118.240402
Oakwood Drive,2024-12-21 13:06:00,Medium,Construction work,33.778882,-96.772982
Hilltop Street,2024-12-20 11:09:00,Medium,Road debris,37.787396,-122.418864
Oakwood Drive,2024-12-21 08:20:00,Medium,Traffic signal fail,33.77413,-96.798636
Downtown Avenue,2024-12-20 05:53:00,Medium,Animal on road,34.096943,-118.249729
Broadway Boulevard,2024-12-20 08:06:00,Low,Pedestrian crossing,38.910913,-77.033916
Maple Avenue,2024-12-20 08:54:00,High,Road debris,35.073495,-106.63194
Cedar Lane,2024-12-21 05:25:00,Medium,Fog,42.385987,-71.02203
Main Street,2024-12-21 21:18:00,High,Construction work,40.744866,-73.972009
Downtown Avenue,2024-12-21 00:29:00,High,Pedestrian crossing,34.07473,-118.208286
Main Street,2024-12-21 09:33:00,Low,Pedestrian crossing,40.720078,-73.963281
Main Street,2024-12-21 10:10:00,Medium,Traffic signal fail,40.720773,-73.99321
Cedar Lane,2024-12-21 13:37:00,High,Pedestrian crossing,42.350124,-71.03323
Elmwood Road,2024-12-20 22:50:00,High,Construction work,41.880874,-87.624473
Maple Avenue,2024-12-20 16:14:00,High,Animal on road,35.08224,-106.630479
Cedar Lane,2024-12-21 15:51:00,High,Construction work,42.36368,-71.032624
Downtown Avenue,2024-12-20 13:27:00,High,Road debris,34.083613,-118.245701
Lakeview Parkway,2024-12-21 10:10:00,High,Fog,39.750787,-104.943959
Oakwood Drive,2024-12-20 23:55:00,Medium,Vehicle breakdown,33.78594,-96.781554
Downtown Avenue,2024-12-20 14:37:00,Medium,Construction work,34.080273,-118.209061
Cedar Lane,2024-12-21 15:09:00,Low,Pedestrian crossing,42.371131,-71.007936
Broadway Boulevard,2024-12-21 16:34:00,High,Road debris,38.911361,-77.046753
Elmwood Road,2024-12-21 16:22:00,Low,Vehicle breakdown,41.870187,-87.610045
Riverfront Drive,2024-12-21 06:04:00,Medium,Heavy rain,36.134601,-115.106078
Lakeview Parkway,2024-12-21 12:53:00,Medium,Pedestrian crossing,39.778902,-104.905234
Maple Avenue,2024-12-20 13:41:00,Low,Traffic signal fail,35.065767,-106.625239
Main Street,2024-12-21 15:01:00,High,Vehicle breakdown,40.736979,-73.964783
Main Street,2024-12-21 21:41:00,High,Fog,40.714912,-73.966888
Oakwood Drive,2024-12-21 17:48:00,Low,Road debris,33.756901,-96.753143
Broadway Boulevard,2024-12-20 04:11:00,Medium,Construction work,38.938211,-77.042617
Downtown Avenue,2024-12-21 16:05:00,High,Heavy rain,34.075753,-118.245496
Downtown Avenue,2024-12-21 06:53:00,Medium,Multi-vehicle crash,34.057189,-118.241842
Oakwood Drive,2024-12-21 02:30:00,High,Road debris,33.797372,-96.799278
Hilltop Street,2024-12-20 11:24:00,High,Construction work,37.766888,-122.444104
Maple Avenue,2024-12-20 19:17:00,Low,Vehicle breakdown,35.088491,-106.635962
Main Street,2024-12-21 20:55:00,High,Animal on road,40.719086,-73.994866
Downtown Avenue,2024-12-20 06:52:00,High,Multi-vehicle crash,34.093267,-118.246161
Lakeview Parkway,2024-12-21 09:27:00,High,Road debris,39.769225,-104.901712
Downtown Avenue,2024-12-20 18:05:00,Low,Animal on road,34.076501,-118.223341
Broadway Boulevard,2024-12-21 13:07:00,Medium,Pedestrian crossing,38.918211,-77.010842
Maple Avenue,2024-12-21 10:25:00,Low,Heavy rain,35.063549,-106.645554
Maple Avenue,2024-12-21 17:08:00,Medium,Pedestrian crossing,35.062437,-106.628327
Maple Avenue,2024-12-21 14:40:00,High,Pedestrian crossing,35.096783,-106.635238
Cedar Lane,2024-12-21 12:47:00,Low,Road debris,42.362821,-71.037184
Main Street,2024-12-21 09:52:00,Low,Road debris,40.749636,-73.973164
Cedar Lane,2024-12-20 08:19:00,Low,Vehicle breakdown,42.381439,-71.00845
Cedar Lane,2024-12-21 11:33:00,Low,Vehicle breakdown,42.369703,-71.036667
Cedar Lane,2024-12-20 01:37:00,Medium,Fog,42.375025,-71.035657
Main Street,2024-12-20 19:02:00,Low,Pedestrian crossing,40.722255,-73.979698
Riverfront Drive,2024-12-20 05:50:00,High,Fog,36.110492,-115.131218
Downtown Avenue,2024-12-21 06:27:00,Medium,Vehicle breakdown,34.07101,-118.216563
Riverfront Drive,2024-12-20 08:44:00,Low,Vehicle breakdown,36.10754,-115.110459
Oakwood Drive,2024-12-20 20:20:00,Low,Multi-vehicle crash,33.782074,-96.779342
Oakwood Drive,2024-12-20 10:00:00,Low,Traffic signal fail,33.788119,-96.765636
Hilltop Street,2024-12-20 11:30:00,Medium,Pedestrian crossing,37.787366,-122.412654
Maple Avenue,2024-12-21 00:09:00,High,Multi-vehicle crash,35.099084,-106.622728
Riverfront Drive,2024-12-21 11:08:00,High,Fog,36.121428,-115.145502
Elmwood Road,2024-12-20 21:12:00,High,Traffic signal fail,41.850075,-87.633639
Broadway Boulevard,2024-12-21 02:04:00,High,Road debris,38.907749,-77.030496
Oakwood Drive,2024-12-20 10:52:00,Medium,Animal on road,33.786179,-96.791124
Hilltop Street,2024-12-20 16:05:00,Medium,Pedestrian crossing,37.75187,-122.405633
Cedar Lane,2024-12-20 01:55:00,High,Fog,42.359207,-71.014812
Lakeview Parkway,2024-12-20 20:00:00,Low,Pedestrian crossing,39.785994,-104.936953
Lakeview Parkway,2024-12-21 07:05:00,High,Construction work,39.76947,-104.937885
Oakwood Drive,2024-12-20 00:52:00,Low,Road debris,33.790408,-96.792435
Elmwood Road,2024-12-20 17:49:00,Medium,Vehicle breakdown,41.8544,-87.636053
Lakeview Parkway,2024-12-21 13:22:00,Low,Fog,39.764194,-104.915645
Hilltop Street,2024-12-20 20:46:00,Low,Heavy rain,37.782082,-122.448536
Main Street,2024-12-20 18:31:00,Medium,Construction work,40.715883,-73.958021
Elmwood Road,2024-12-20 03:21:00,Medium,Road debris,41.856644,-87.616224
Elmwood Road,2024-12-21 07:01:00,Medium,Multi-vehicle crash,41.883652,-87.614821
Elmwood Road,2024-12-20 13:10:00,Low,Pedestrian crossing,41.854401,-87.628659
Hilltop Street,2024-12-21 17:05:00,Low,Construction work,37.790313,-122.440623
Oakwood Drive,2024-12-20 06:46:00,Medium,Fog,33.78538,-96.794376
Riverfront Drive,2024-12-21 03:22:00,High,Traffic signal fail,36.146933,-115.128358
Broadway Boulevard,2024-12-21 12:43:00,Medium,Vehicle breakdown,38.907081,-77.002175
Oakwood Drive,2024-12-20 22:00:00,Medium,Road debris,33.751628,-96.75127
Hilltop Street,2024-12-20 21:58:00,Medium,Road debris,37.778628,-122.422274
Oakwood Drive,2024-12-21 12:47:00,Low,Animal on road,33.790664,-96.75183
Elmwood Road,2024-12-20 21:10:00,High,Fog,41.898953,-87.607927
Elmwood Road,2024-12-20 16:01:00,Medium,Heavy rain,41.894692,-87.649524
Riverfront Drive,2024-12-21 21:13:00,Low,Traffic signal fail,36.148756,-115.129065
Oakwood Drive,2024-12-21 09:57:00,Medium,Animal on road,33.780157,-96.795199
Maple Avenue,2024-12-20 10:21:00,High,Multi-vehicle crash,35.051,-106.600097
Lakeview Parkway,2024-12-21 21:39:00,Medium,Pedestrian crossing,39.794942,-104.908654
Hilltop Street,2024-12-21 01:48:00,Medium,Road debris,37.761291,-122.418129
Broadway Boulevard,2024-12-20 08:06:00,High,Road debris,38.94793,-77.020325
Main Street,2024-12-20 15:46:00,Medium,Animal on road,40.737453,-73.967779
Maple Avenue,2024-12-21 08:10:00,High,Road debris,35.075629,-106.618756
Hilltop Street,2024-12-21 15:03:00,High,Heavy rain,37.767185,-122.436544
Main Street,2024-12-21 06:15:00,Low,Heavy rain,40.718197,-73.997911
Hilltop Street,2024-12-20 02:57:00,Medium,Pedestrian crossing,37.769511,-122.411728
Maple Avenue,2024-12-20 15:40:00,Low,Heavy rain,35.078788,-106.611758
Downtown Avenue,2024-12-21 04:54:00,Medium,Animal on road,34.050415,-118.22535
Elmwood Road,2024-12-21 05:56:00,Low,Animal on road,41.87392,-87.623842
Riverfront Drive,2024-12-21 10:42:00,Low,Construction work,36.110101,-115.114325
Oakwood Drive,2024-12-21 13:47:00,High,Animal on road,33.776876,-96.776179
Lakeview Parkway,2024-12-20 05:17:00,Low,Heavy rain,39.763716,-104.934146
Main Street,2024-12-21 00:30:00,Low,Traffic signal fail,40.742807,-73.990043
Lakeview Parkway,2024-12-20 02:23:00,Low,Fog,39.791635,-104.937167
Elmwood Road,2024-12-21 15:48:00,Low,Traffic signal fail,41.856491,-87.630094
Lakeview Parkway,2024-12-21 20:43:00,High,Multi-vehicle crash,39.756212,-104.926556
Maple Avenue,2024-12-21 22:20:00,Low,Road debris,35.076597,-106.604505
Lakeview Parkway,2024-12-20 06:57:00,Medium,Pedestrian crossing,39.758821,-104.91591
Broadway Boulevard,2024-12-20 06:03:00,High,Heavy rain,38.908297,-77.035296
Downtown Avenue,2024-12-21 02:47:00,Low,Vehicle breakdown,34.067071,-118.202341
Maple Avenue,2024-12-21 00:11:00,Low,Pedestrian crossing,35.056317,-106.610652
Maple Avenue,2024-12-20 06:03:00,Low,Heavy rain,35.051765,-106.629484
Downtown Avenue,2024-12-21 18:00:00,Medium,Pedestrian crossing,34.062906,-118.24578
Downtown Avenue,2024-12-20 18:44:00,Medium,Pedestrian crossing,34.051136,-118.246698
Riverfront Drive,2024-12-20 19:36:00,Medium,Construction work,36.129128,-115.110579
Broadway Boulevard,2024-12-21 15:35:00,High,Animal on road,38.904271,-77.016538
Cedar Lane,2024-12-21 23:08:00,High,Road debris,42.365071,-71.020527
Riverfront Drive,2024-12-20 10:58:00,Medium,Multi-vehicle crash,36.131111,-115.138384
Oakwood Drive,2024-12-20 05:39:00,Low,Fog,33.772335,-96.751777
Elmwood Road,2024-12-20 17:47:00,High,Animal on road,41.874951,-87.642142
Maple Avenue,2024-12-21 08:27:00,Low,Road debris,35.063958,-106.643826
Cedar Lane,2024-12-21 00:29:00,High,Vehicle breakdown,42.358431,-71.001384
Oakwood Drive,2024-12-20 03:08:00,Medium,Vehicle breakdown,33.778312,-96.782128
Elmwood Road,2024-12-21 08:44:00,High,Construction work,41.896613,-87.647588
Elmwood Road,2024-12-20 04:52:00,Medium,Road debris,41.879414,-87.64413
Cedar Lane,2024-12-21 04:40:00,Medium,Pedestrian crossing,42.396077,-71.02001
Riverfront Drive,2024-12-20 20:00:00,Low,Pedestrian crossing,36.146694,-115.123748
Hilltop Street,2024-12-21 10:19:00,Low,Multi-vehicle crash,37.773572,-122.445091
Hilltop Street,2024-12-21 17:01:00,Medium,Road debris,37.755187,-122.428392
Elmwood Road,2024-12-21 00:45:00,High,Construction work,41.891288,-87.631342
Elmwood Road,2024-12-21 04:31:00,High,Traffic signal fail,41.872446,-87.621613
Maple Avenue,2024-12-21 04:22:00,Low,Heavy rain,35.08011,-106.640903
Main Street,2024-12-21 08:26:00,High,Traffic signal fail,40.705141,-73.959865
Oakwood Drive,2024-12-21 15:09:00,Medium,Road debris,33.775459,-96.799673
Maple Avenue,2024-12-21 20:44:00,Medium,Traffic signal fail,35.078393,-106.622438
Oakwood Drive,2024-12-20 11:03:00,Medium,Traffic signal fail,33.795578,-96.778168
Lakeview Parkway,2024-12-20 19:18:00,Medium,Construction work,39.76536,-104.935506
Lakeview Parkway,2024-12-21 21:46:00,Low,Fog,39.766299,-104.916354
Maple Avenue,2024-12-20 05:18:00,High,Traffic signal fail,35.060416,-106.647685
Broadway Boulevard,2024-12-20 13:15:00,Medium,Multi-vehicle crash,38.902599,-77.002169
Lakeview Parkway,2024-12-21 21:24:00,Low,Road debris,39.754552,-104.948162
Maple Avenue,2024-12-20 03:10:00,Medium,Pedestrian crossing,35.08793,-106.607672
Maple Avenue,2024-12-20 01:03:00,Medium,Road debris,35.066693,-106.645681
Downtown Avenue,2024-12-21 13:10:00,Low,Fog,34.078756,-118.232496
Lakeview Parkway,2024-12-20 20:54:00,High,Heavy rain,39.799258,-104.941642
Cedar Lane,2024-12-20 22:56:00,Medium,Animal on road,42.36454,-71.048408
Oakwood Drive,2024-12-21 14:05:00,High,Road debris,33.783016,-96.788707
Broadway Boulevard,2024-12-20 20:37:00,Low,Animal on road,38.949025,-77.017109
Riverfront Drive,2024-12-21 12:39:00,High,Construction work,36.138109,-115.127874
Main Street,2024-12-21 18:42:00,High,Animal on road,40.705747,-73.963711
Riverfront Drive,2024-12-20 07:24:00,Low,Road debris,36.149445,-115.121108
Broadway Boulevard,2024-12-21 20:00:00,High,Road debris,38.92048,-77.01218
Lakeview Parkway,2024-12-20 08:42:00,Low,Animal on road,39.794753,-104.949917
Hilltop Street,2024-12-21 21:41:00,Medium,Animal on road,37.789607,-122.425378
Broadway Boulevard,2024-12-20 02:42:00,Low,Road debris,38.906042,-77.045184
Riverfront Drive,2024-12-21 07:28:00,Medium,Vehicle breakdown,36.132607,-115.109987
Maple Avenue,2024-12-21 13:24:00,Low,Road debris,35.067027,-106.620819
Cedar Lane,2024-12-21 03:27:00,High,Traffic signal fail,42.391628,-71.049255
Maple Avenue,2024-12-20 06:39:00,Low,Vehicle breakdown,35.09555,-106.609444
Hilltop Street,2024-12-20 08:53:00,High,Multi-vehicle crash,37.776042,-122.432128
Elmwood Road,2024-12-21 19:10:00,Medium,Vehicle breakdown,41.861612,-87.622117
Hilltop Street,2024-12-20 01:52:00,High,Traffic signal fail,37.767114,-122.418814
Maple Avenue,2024-12-20 21:43:00,Medium,Animal on road,35.090817,-106.637557
Lakeview Parkway,2024-12-20 18:30:00,Medium,Pedestrian crossing,39.753484,-104.925758
Broadway Boulevard,2024-12-21 08:53:00,Low,Construction work,38.912874,-77.031697
Maple Avenue,2024-12-21 22:51:00,Medium,Pedestrian crossing,35.087225,-106.614741
Main Street,2024-12-21 11:28:00,High,Pedestrian crossing,40.741113,-73.994182
Maple Avenue,2024-12-21 10:57:00,Low,Animal on road,35.072708,-106.644526
Broadway Boulevard,2024-12-20 02:10:00,Medium,Heavy rain,38.931263,-77.001945
Main Street,2024-12-21 10:21:00,High,Animal on road,40.711373,-73.990996
Oakwood Drive,2024-12-21 06:42:00,High,Pedestrian crossing,33.777254,-96.773382
Hilltop Street,2024-12-21 07:15:00,Low,Heavy rain,37.768159,-122.412809
Cedar Lane,2024-12-21 13:43:00,High,Fog,42.389595,-71.032253
Hilltop Street,2024-12-20 22:38:00,High,Vehicle breakdown,37.799679,-122.448763
Riverfront Drive,2024-12-21 18:11:00,Low,Fog,36.115397,-115.128615
Oakwood Drive,2024-12-21 19:29:00,High,Traffic signal fail,33.780393,-96.79676
Oakwood Drive,2024-12-20 16:43:00,Low,Animal on road,33.776194,-96.792235
Elmwood Road,2024-12-20 00:55:00,Medium,Multi-vehicle crash,41.886931,-87.647635
Hilltop Street,2024-12-20 12:10:00,Medium,Fog,37.767757,-122.446091
Broadway Boulevard,2024-12-21 22:38:00,Medium,Fog,38.939261,-77.04122
Maple Avenue,2024-12-21 14:28:00,High,Construction work,35.062714,-106.615866
Elmwood Road,2024-12-20 07:33:00,High,Traffic signal fail,41.860641,-87.60921
Lakeview Parkway,2024-12-20 23:12:00,Low,Construction work,39.791203,-104.90867
Main Street,2024-12-21 03:36:00,Low,Road debris,40.748612,-73.96222
Lakeview Parkway,2024-12-20 21:45:00,Low,Road debris,39.753497,-104.906737
Maple Avenue,2024-12-20 16:44:00,Medium,Vehicle breakdown,35.096483,-106.631417
Downtown Avenue,2024-12-21 12:16:00,Low,Fog,34.09402,-118.208781
Oakwood Drive,2024-12-21 16:03:00,Medium,Animal on road,33.768826,-96.793938
Oakwood Drive,2024-12-20 17:50:00,High,Road debris,33.752038,-96.788161
Downtown Avenue,2024-12-20 13:23:00,Low,Fog,34.063641,-118.222978
Hilltop Street,2024-12-20 16:11:00,Medium,Traffic signal fail,37.756111,-122.411163
Hilltop Street,2024-12-20 22:23:00,High,Heavy rain,37.76722,-122.409286
Main Street,2024-12-20 08:19:00,Medium,Road debris,40.730663,-73.971057
Hilltop Street,2024-12-21 06:38:00,Medium,Construction work,37.752647,-122.404256
Downtown Avenue,2024-12-21 06:55:00,Low,Fog,34.091045,-118.223192
Main Street,2024-12-21 23:30:00,Medium,Vehicle breakdown,40.703494,-73.98945
Main Street,2024-12-21 03:35:00,Low,Road debris,40.738972,-73.971326
Maple Avenue,2024-12-21 19:50:00,Medium,Construction work,35.068571,-106.613019
Maple Avenue,2024-12-20 00:56:00,Medium,Animal on road,35.09524,-106.619434
Main Street,2024-12-21 07:16:00,High,Animal on road,40.743756,-73.971179
Cedar Lane,2024-12-20 14:36:00,Low,Vehicle breakdown,42.377463,-71.022155
Broadway Boulevard,2024-12-20 10:59:00,Low,Traffic signal fail,38.947601,-77.027115
Riverfront Drive,2024-12-21 22:14:00,Medium,Animal on road,36.13518,-115.129632
Riverfront Drive,2024-12-21 02:51:00,Medium,Road debris,36.103518,-115.114483
Hilltop Street,2024-12-20 18:34:00,Low,Traffic signal fail,37.782666,-122.436255
Elmwood Road,2024-12-21 17:51:00,High,Road debris,41.851362,-87.609204
Cedar Lane,2024-12-21 06:46:00,Low,Traffic signal fail,42.356178,-71.016021
Elmwood Road,2024-12-20 00:53:00,High,Heavy rain,41.864023,-87.60137
Oakwood Drive,2024-12-20 00:01:00,High,Animal on road,33.77868,-96.76614
Downtown Avenue,2024-12-20 03:08:00,Medium,Pedestrian crossing,34.055424,-118.21198
Riverfront Drive,2024-12-20 00:13:00,Medium,Vehicle breakdown,36.126218,-115.106692
Downtown Avenue,2024-12-21 14:39:00,Medium,Pedestrian crossing,34.062728,-118.249674
Riverfront Drive,2024-12-20 05:14:00,Medium,Vehicle breakdown,36.129178,-115.143495
Hilltop Street,2024-12-20 20:00:00,Low,Heavy rain,37.797159,-122.443049
Hilltop Street,2024-12-21 11:40:00,High,Traffic signal fail,37.769511,-122.431649
Broadway Boulevard,2024-12-20 13:50:00,High,Traffic signal fail,38.940713,-77.039755
Oakwood Drive,2024-12-20 18:52:00,Low,Fog,33.767395,-96.751639
Maple Avenue,2024-12-21 09:44:00,High,Road debris,35.085785,-106.626038
Riverfront Drive,2024-12-20 05:57:00,Low,Heavy rain,36.112756,-115.149591
Hilltop Street,2024-12-21 10:43:00,Low,Heavy rain,37.776589,-122.420765
Cedar Lane,2024-12-21 23:52:00,Medium,Vehicle breakdown,42.384147,-71.044588
Oakwood Drive,2024-12-21 04:04:00,Low,Construction work,33.780302,-96.773997
Maple Avenue,2024-12-20 13:35:00,Low,Pedestrian crossing,35.097956,-106.621808
Oakwood Drive,2024-12-21 03:14:00,Medium,Animal on road,33.765823,-96.778521
Oakwood Drive,2024-12-20 21:50:00,High,Multi-vehicle crash,33.789543,-96.759431
Riverfront Drive,2024-12-21 16:00:00,Low,Animal on road,36.101016,-115.122343
Downtown Avenue,2024-12-20 05:14:00,Medium,Fog,34.068974,-118.230474
Riverfront Drive,2024-12-21 22:04:00,Medium,Vehicle breakdown,36.147372,-115.113067
Hilltop Street,2024-12-21 17:59:00,High,Pedestrian crossing,37.773721,-122.40469
Broadway Boulevard,2024-12-20 11:28:00,Low,Traffic signal fail,38.925695,-77.032239
Lakeview Parkway,2024-12-20 10:29:00,Medium,Pedestrian crossing,39.773441,-104.928597
Lakeview Parkway,2024-12-20 15:06:00,High,Traffic signal fail,39.76304,-104.940535
Lakeview Parkway,2024-12-21 16:16:00,High,Road debris,39.77433,-104.944667
Broadway Boulevard,2024-12-21 11:27:00,Low,Vehicle breakdown,38.93637,-77.032368
Broadway Boulevard,2024-12-20 11:12:00,Low,Road debris,38.900726,-77.030391
Broadway Boulevard,2024-12-20 16:47:00,Medium,Heavy rain,38.948031,-77.026817
Oakwood Drive,2024-12-20 00:39:00,Medium,Vehicle breakdown,33.786008,-96.766356
Elmwood Road,2024-12-21 03:53:00,High,Pedestrian crossing,41.869742,-87.615426
Hilltop Street,2024-12-21 05:53:00,Medium,Animal on road,37.766338,-122.437867
Riverfront Drive,2024-12-20 15:27:00,Low,Construction work,36.136557,-115.135394
Broadway Boulevard,2024-12-21 09:54:00,Low,Multi-vehicle crash,38.926437,-77.022831
Maple Avenue,2024-12-20 19:53:00,Medium,Fog,35.068112,-106.606481
Maple Avenue,2024-12-20 08:03:00,High,Traffic signal fail,35.080564,-106.628313
Downtown Avenue,2024-12-21 22:25:00,High,Traffic signal fail,34.075423,-118.225088
Riverfront Drive,2024-12-20 21:29:00,Low,Fog,36.148087,-115.125167
Elmwood Road,2024-12-21 22:51:00,Low,Vehicle breakdown,41.890516,-87.613799
Broadway Boulevard,2024-12-21 18:36:00,Low,Heavy rain,38.901983,-77.040821
Lakeview Parkway,2024-12-20 15:17:00,Low,Animal on road,39.774902,-104.93426
Main Street,2024-12-21 23:31:00,Medium,Fog,40.732196,-73.975634
Downtown Avenue,2024-12-21 11:31:00,Low,Fog,34.060109,-118.236013
Cedar Lane,2024-12-21 13:16:00,High,Multi-vehicle crash,42.360721,-71.021127
Elmwood Road,2024-12-20 05:44:00,High,Vehicle breakdown,41.853331,-87.628097
Broadway Boulevard,2024-12-21 22:31:00,High,Pedestrian crossing,38.944809,-77.009621
Oakwood Drive,2024-12-20 06:08:00,Medium,Traffic signal fail,33.787699,-96.786957
Lakeview Parkway,2024-12-20 08:03:00,High,Vehicle breakdown,39.776972,-104.906785
Broadway Boulevard,2024-12-21 22:08:00,Medium,Animal on road,38.929576,-77.008287
Riverfront Drive,2024-12-20 08:43:00,Medium,Vehicle breakdown,36.1048,-115.109222
Oakwood Drive,2024-12-20 13:20:00,Medium,Road debris,33.758337,-96.768686
Broadway Boulevard,2024-12-21 11:12:00,Low,Pedestrian crossing,38.928909,-77.011692
Downtown Avenue,2024-12-20 16:30:00,Low,Vehicle breakdown,34.062297,-118.247819
Elmwood Road,2024-12-21 13:56:00,Low,Heavy rain,41.875996,-87.629083
Elmwood Road,2024-12-21 03:25:00,Low,Road debris,41.897543,-87.624501
Main Street,2024-12-20 03:04:00,Low,Heavy rain,40.730037,-73.956155
Main Street,2024-12-21 06:33:00,Low,Traffic signal fail,40.734563,-73.983926
Cedar Lane,2024-12-20 08:30:00,Low,Traffic signal fail,42.390613,-71.031104
Cedar Lane,2024-12-20 13:09:00,Low,Vehicle breakdown,42.386604,-71.026405
Hilltop Street,2024-12-21 09:52:00,Low,Vehicle breakdown,37.756014,-122.410699
Cedar Lane,2024-12-20 08:44:00,High,Construction work,42.379174,-71.041094
Maple Avenue,2024-12-20 07:09:00,Low,Animal on road,35.055844,-106.631384
Maple Avenue,2024-12-21 07:07:00,High,Vehicle breakdown,35.093939,-106.638368
Riverfront Drive,2024-12-20 09:38:00,Low,Heavy rain,36.148103,-115.112734
Cedar Lane,2024-12-20 05:19:00,Medium,Construction work,42.371189,-71.001421
Main Street,2024-12-21 11:20:00,Medium,Animal on road,40.707815,-73.976395
Main Street,2024-12-20 14:28:00,Medium,Construction work,40.720622,-73.995964
Downtown Avenue,2024-12-20 07:06:00,Low,Animal on road,34.064569,-118.209626
Downtown Avenue,2024-12-20 13:15:00,Medium,Fog,34.088487,-118.207308
Hilltop Street,2024-12-20 05:50:00,High,Pedestrian crossing,37.75573,-122.425237
Maple Avenue,2024-12-20 01:44:00,Low,Construction work,35.054599,-106.621031
Oakwood Drive,2024-12-20 06:51:00,Low,Heavy rain,33.784174,-96.789621
Lakeview Parkway,2024-12-21 18:56:00,Medium,Multi-vehicle crash,39.781869,-104.911689
Riverfront Drive,2024-12-21 22:21:00,Medium,Multi-vehicle crash,36.143412,-115.117072
Hilltop Street,2024-12-21 21:31:00,Medium,Road debris,37.75935,-122.435806
Main Street,2024-12-21 06:24:00,High,Construction work,40.722446,-73.991335
Downtown Avenue,2024-12-20 22:37:00,Low,Animal on road,34.068527,-118.235389
Cedar Lane,2024-12-20 20:23:00,Low,Animal on road,42.385324,-71.002942
Maple Avenue,2024-12-20 21:23:00,Low,Traffic signal fail,35.07491,-106.626577
Main Street,2024-12-21 03:38:00,Medium,Vehicle breakdown,40.743666,-73.979551
Oakwood Drive,2024-12-21 01:10:00,High,Road debris,33.784538,-96.765288
Main Street,2024-12-21 18:45:00,Medium,Fog,40.722256,-73.957626
Main Street,2024-12-21 05:06:00,Low,Pedestrian crossing,40.73328,-73.989265
Main Street,2024-12-21 20:01:00,High,Multi-vehicle crash,40.704104,-73.962417
Maple Avenue,2024-12-20 22:37:00,High,Road debris,35.054822,-106.631463
Hilltop Street,2024-12-20 13:23:00,Low,Vehicle breakdown,37.76658,-122.401954
Lakeview Parkway,2024-12-21 08:41:00,Low,Heavy rain,39.795034,-104.915606
Maple Avenue,2024-12-20 17:27:00,Low,Animal on road,35.093936,-106.638541
Riverfront Drive,2024-12-20 14:35:00,High,Vehicle breakdown,36.106591,-115.148685
Maple Avenue,2024-12-20 03:14:00,High,Heavy rain,35.061962,-106.609816
Oakwood Drive,2024-12-21 00:08:00,High,Pedestrian crossing,33.758451,-96.780373
Hilltop Street,2024-12-20 02:21:00,Low,Animal on road,37.771281,-122.410978
Hilltop Street,2024-12-21 11:47:00,High,Pedestrian crossing,37.768963,-122.431069
Cedar Lane,2024-12-20 21:41:00,Medium,Animal on road,42.389351,-71.035645
Broadway Boulevard,2024-12-20 16:12:00,Medium,Traffic signal fail,38.920507,-77.039104
Oakwood Drive,2024-12-20 12:33:00,High,Road debris,33.762553,-96.78543
Elmwood Road,2024-12-20 15:08:00,Medium,Construction work,41.878352,-87.634076
Downtown Avenue,2024-12-21 01:04:00,Low,Animal on road,34.07958,-118.202554
Riverfront Drive,2024-12-21 01:18:00,Low,Vehicle breakdown,36.112729,-115.142401
Downtown Avenue,2024-12-21 11:31:00,Low,Pedestrian crossing,34.063808,-118.246574
Elmwood Road,2024-12-21 22:27:00,High,Heavy rain,41.887376,-87.616287
Riverfront Drive,2024-12-21 11:29:00,Low,Heavy rain,36.125797,-115.124269
Downtown Avenue,2024-12-21 23:38:00,High,Traffic signal fail,34.058456,-118.218853
Oakwood Drive,2024-12-21 07:43:00,Low,Fog,33.775266,-96.775381
Elmwood Road,2024-12-21 13:01:00,Medium,Road debris,41.889126,-87.648304
Oakwood Drive,2024-12-20 21:45:00,Medium,Construction work,33.790343,-96.798071
Broadway Boulevard,2024-12-20 15:13:00,Low,Multi-vehicle crash,38.914552,-77.020109
Downtown Avenue,2024-12-21 11:22:00,Low,Multi-vehicle crash,34.09668,-118.249038
Hilltop Street,2024-12-21 10:08:00,Low,Construction work,37.785046,-122.420729
Downtown Avenue,2024-12-20 12:21:00,Low,Pedestrian crossing,34.064681,-118.213855
Riverfront Drive,2024-12-20 16:39:00,Medium,Traffic signal fail,36.14798,-115.119829
Main Street,2024-12-20 15:33:00,Low,Construction work,40.731769,-73.996977
Hilltop Street,2024-12-21 20:30:00,Medium,Traffic signal fail,37.783718,-122.448003
Riverfront Drive,2024-12-21 16:24:00,High,Multi-vehicle crash,36.125155,-115.106272
Main Street,2024-12-21 22:01:00,High,Animal on road,40.739486,-73.982349
Riverfront Drive,2024-12-21 15:04:00,Medium,Fog,36.115441,-115.123638
Elmwood Road,2024-12-20 05:08:00,Medium,Construction work,41.894173,-87.643752
Downtown Avenue,2024-12-21 05:26:00,High,Animal on road,34.071727,-118.230728
Cedar Lane,2024-12-20 00:17:00,High,Traffic signal fail,42.366728,-71.044778
Maple Avenue,2024-12-20 08:13:00,Medium,Pedestrian crossing,35.057996,-106.612727
Elmwood Road,2024-12-21 23:35:00,High,Heavy rain,41.868252,-87.646623
Lakeview Parkway,2024-12-21 06:04:00,Medium,Construction work,39.757363,-104.921993
Cedar Lane,2024-12-21 00:12:00,Medium,Multi-vehicle crash,42.351053,-71.018889
Oakwood Drive,2024-12-21 14:19:00,Medium,Road debris,33.767838,-96.791247
Lakeview Parkway,2024-12-21 03:07:00,Low,Heavy rain,39.753575,-104.914029
Main Street,2024-12-21 14:54:00,Low,Multi-vehicle crash,40.700495,-73.965036
Broadway Boulevard,2024-12-21 20:45:00,Low,Heavy rain,38.943789,-77.028171
Downtown Avenue,2024-12-20 01:00:00,Medium,Fog,34.066141,-118.242242
Lakeview Parkway,2024-12-20 03:17:00,High,Traffic signal fail,39.762056,-104.925118
Riverfront Drive,2024-12-21 14:55:00,High,Vehicle breakdown,36.115178,-115.148795
Maple Avenue,2024-12-20 16:49:00,Low,Traffic signal fail,35.058773,-106.600937
Lakeview Parkway,2024-12-21 15:55:00,Low,Pedestrian crossing,39.789472,-104.916087
Lakeview Parkway,2024-12-21 10:20:00,Medium,Multi-vehicle crash,39.779936,-104.93394
Downtown Avenue,2024-12-20 00:10:00,Low,Fog,34.068546,-118.2323
Broadway Boulevard,2024-12-21 08:10:00,Low,Vehicle breakdown,38.910793,-77.039907
Lakeview Parkway,2024-12-21 17:48:00,Low,Animal on road,39.797272,-104.925867
Downtown Avenue,2024-12-21 16:09:00,Low,Pedestrian crossing,34.068112,-118.231211
Maple Avenue,2024-12-20 17:45:00,High,Heavy rain,35.078369,-106.642833
Main Street,2024-12-20 07:43:00,Medium,Road debris,40.735961,-73.99115
Maple Avenue,2024-12-21 19:08:00,High,Vehicle breakdown,35.053386,-106.630845
Hilltop Street,2024-12-20 18:58:00,High,Fog,37.766485,-122.41296
Lakeview Parkway,2024-12-21 12:33:00,High,Pedestrian crossing,39.796306,-104.929774
Main Street,2024-12-21 07:38:00,Medium,Vehicle breakdown,40.74584,-73.989796
Main Street,2024-12-20 19:40:00,High,Animal on road,40.726578,-73.976531
Downtown Avenue,2024-12-20 12:20:00,Low,Road debris,34.095523,-118.216322
Cedar Lane,2024-12-21 15:12:00,High,Traffic signal fail,42.367003,-71.039835
Main Street,2024-12-21 15:32:00,High,Traffic signal fail,40.704578,-73.991617
Lakeview Parkway,2024-12-21 16:48:00,Medium,Pedestrian crossing,39.753927,-104.944544
Cedar Lane,2024-12-20 15:16:00,High,Construction work,42.372354,-71.047663
Main Street,2024-12-20 20:21:00,High,Pedestrian crossing,40.718544,-73.967554
Hilltop Street,2024-12-20 21:52:00,Low,Pedestrian crossing,37.784114,-122.421628
Downtown Avenue,2024-12-20 15:06:00,High,Construction work,34.058927,-118.208427
Cedar Lane,2024-12-20 08:52:00,Medium,Traffic signal fail,42.373055,-71.008841
Elmwood Road,2024-12-20 06:07:00,Medium,Fog,41.862343,-87.608162
Main Street,2024-12-20 13:17:00,Low,Heavy rain,40.74986,-73.97688
Oakwood Drive,2024-12-21 22:42:00,Low,Multi-vehicle crash,33.792286,-96.78801
Hilltop Street,2024-12-21 06:02:00,High,Animal on road,37.790827,-122.407963
Main Street,2024-12-20 15:28:00,High,Multi-vehicle crash,40.71097,-73.970082
Main Street,2024-12-20 19:42:00,High,Vehicle breakdown,40.735698,-73.990272
Hilltop Street,2024-12-21 02:00:00,Medium,Multi-vehicle crash,37.792162,-122.428108
Hilltop Street,2024-12-20 22:52:00,Low,Road debris,37.793013,-122.4423
Downtown Avenue,2024-12-21 00:48:00,High,Heavy rain,34.067537,-118.209215
Lakeview Parkway,2024-12-20 14:32:00,High,Animal on road,39.795664,-104.929197
Broadway Boulevard,2024-12-20 07:24:00,Low,Road debris,38.909728,-77.002813
Lakeview Parkway,2024-12-21 19:43:00,Low,Animal on road,39.793222,-104.901796
Oakwood Drive,2024-12-20 09:33:00,Medium,Pedestrian crossing,33.754427,-96.767691
Cedar Lane,2024-12-21 11:02:00,Low,Pedestrian crossing,42.350299,-71.039903
Elmwood Road,2024-12-21 12:08:00,High,Vehicle breakdown,41.874346,-87.648459
Downtown Avenue,2024-12-21 20:53:00,High,Multi-vehicle crash,34.073326,-118.227219
Oakwood Drive,2024-12-21 14:05:00,Medium,Road debris,33.774506,-96.750976
Elmwood Road,2024-12-21 03:28:00,High,Animal on road,41.890105,-87.613972
Riverfront Drive,2024-12-21 20:07:00,Medium,Fog,36.10666,-115.112371
Maple Avenue,2024-12-21 19:07:00,Medium,Road debris,35.077782,-106.642295
Riverfront Drive,2024-12-20 07:13:00,Low,Construction work,36.12989,-115.11529
Main Street,2024-12-20 14:20:00,Low,Vehicle breakdown,40.748228,-73.999313
Cedar Lane,2024-12-20 08:10:00,High,Pedestrian crossing,42.38906,-71.003871
Downtown Avenue,2024-12-21 03:24:00,Medium,Vehicle breakdown,34.062393,-118.228059
Riverfront Drive,2024-12-21 03:40:00,Medium,Multi-vehicle crash,36.131845,-115.118584
Riverfront Drive,2024-12-20 22:30:00,High,Construction work,36.144326,-115.10007
Broadway Boulevard,2024-12-20 02:27:00,High,Construction work,38.907663,-77.007029
Cedar Lane,2024-12-20 17:01:00,Low,Construction work,42.361534,-71.038936
Oakwood Drive,2024-12-20 01:58:00,High,Animal on road,33.784779,-96.755845
Elmwood Road,2024-12-21 15:57:00,High,Road debris,41.868507,-87.607186
Elmwood Road,2024-12-20 13:48:00,High,Traffic signal fail,41.881309,-87.624994
Broadway Boulevard,2024-12-21 13:16:00,Medium,Heavy rain,38.934178,-77.040123
Riverfront Drive,2024-12-21 22:13:00,Low,Traffic signal fail,36.11789,-115.109336
Downtown Avenue,2024-12-20 04:32:00,Medium,Animal on road,34.053442,-118.215484
Downtown Avenue,2024-12-21 20:12:00,High,Pedestrian crossing,34.058004,-118.220087
Broadway Boulevard,2024-12-21 22:22:00,Medium,Fog,38.909078,-77.009494
Cedar Lane,2024-12-21 20:26:00,Low,Construction work,42.355093,-71.014216
Cedar Lane,2024-12-21 21:25:00,High,Road debris,42.390197,-71.042392
Oakwood Drive,2024-12-21 12:21:00,High,Fog,33.763111,-96.773465
Maple Avenue,2024-12-20 14:45:00,Low,Animal on road,35.05209,-106.638188
Riverfront Drive,2024-12-20 05:58:00,Low,Pedestrian crossing,36.140649,-115.100882
Downtown Avenue,2024-12-20 04:23:00,High,Pedestrian crossing,34.061207,-118.220662
Cedar Lane,2024-12-20 15:02:00,High,Vehicle breakdown,42.393027,-71.042969
Downtown Avenue,2024-12-21 08:25:00,High,Traffic signal fail,34.067292,-118.228939
Lakeview Parkway,2024-12-20 21:34:00,High,Vehicle breakdown,39.793861,-104.928838
Broadway Boulevard,2024-12-20 00:58:00,Medium,Heavy rain,38.939226,-77.024448
Hilltop Street,2024-12-20 19:59:00,Medium,Road debris,37.790157,-122.439454
Cedar Lane,2024-12-21 04:54:00,Medium,Construction work,42.378776,-71.018944
Broadway Boulevard,2024-12-21 11:16:00,Medium,Heavy rain,38.916481,-77.032439
Hilltop Street,2024-12-21 14:23:00,Low,Traffic signal fail,37.75555,-122.410315
Elmwood Road,2024-12-20 05:24:00,High,Pedestrian crossing,41.88136,-87.633475
Cedar Lane,2024-12-20 03:56:00,Medium,Traffic signal fail,42.377627,-71.048561
Elmwood Road,2024-12-21 07:51:00,Low,Fog,41.899746,-87.632312
Downtown Avenue,2024-12-20 10:54:00,Low,Vehicle breakdown,34.097637,-118.224895
Elmwood Road,2024-12-20 08:58:00,High,Construction work,41.870245,-87.631801
Broadway Boulevard,2024-12-21 09:39:00,Low,Traffic signal fail,38.928121,-77.004674
Downtown Avenue,2024-12-21 21:24:00,Medium,Pedestrian crossing,34.071912,-118.224387
Broadway Boulevard,2024-12-20 10:00:00,Medium,Vehicle breakdown,38.929873,-77.014807
Elmwood Road,2024-12-20 17:34:00,High,Fog,41.857875,-87.629736
Lakeview Parkway,2024-12-21 19:53:00,Low,Fog,39.783973,-104.932632
Main Street,2024-12-20 10:15:00,Low,Multi-vehicle crash,40.736329,-73.972278
Riverfront Drive,2024-12-21 01:26:00,Low,Heavy rain,36.121527,-115.105861
Oakwood Drive,2024-12-21 20:56:00,Medium,Traffic signal fail,33.765064,-96.798355
Cedar Lane,2024-12-20 14:31:00,Medium,Traffic signal fail,42.361942,-71.033709
Oakwood Drive,2024-12-20 07:52:00,Low,Fog,33.782726,-96.764451
Cedar Lane,2024-12-20 01:06:00,Medium,Heavy rain,42.357784,-71.028312
Main Street,2024-12-21 09:59:00,Low,Pedestrian crossing,40.733253,-73.959071
Riverfront Drive,2024-12-20 19:25:00,High,Vehicle breakdown,36.106183,-115.137815
Cedar Lane,2024-12-21 12:20:00,Low,Traffic signal fail,42.373547,-71.010711
Maple Avenue,2024-12-20 09:26:00,Medium,Vehicle breakdown,35.091991,-106.635546
Hilltop Street,2024-12-20 15:40:00,High,Construction work,37.779222,-122.403254
Lakeview Parkway,2024-12-20 17:01:00,Medium,Fog,39.793359,-104.904697
Oakwood Drive,2024-12-20 00:58:00,High,Traffic signal fail,33.765793,-96.798824
Main Street,2024-12-21 16:39:00,High,Vehicle breakdown,40.730092,-73.997464
Downtown Avenue,2024-12-21 17:51:00,Medium,Road debris,34.063633,-118.235351
Cedar Lane,2024-12-21 16:26:00,Low,Vehicle breakdown,42.367549,-71.012927
Riverfront Drive,2024-12-21 10:45:00,Medium,Multi-vehicle crash,36.138758,-115.120548
Cedar Lane,2024-12-20 01:06:00,High,Traffic signal fail,42.392386,-71.01987
Oakwood Drive,2024-12-20 11:40:00,Medium,Road debris,33.786279,-96.789609
Maple Avenue,2024-12-21 06:59:00,Low,Fog,35.073878,-106.616468
Main Street,2024-12-21 15:38:00,Low,Vehicle breakdown,40.732986,-73.96106
Downtown Avenue,2024-12-21 12:56:00,Low,Pedestrian crossing,34.058084,-118.203326
Hilltop Street,2024-12-20 17:23:00,High,Animal on road,37.759542,-122.407071
Oakwood Drive,2024-12-20 18:33:00,Low,Pedestrian crossing,33.757354,-96.788977
Lakeview Parkway,2024-12-20 13:48:00,Medium,Traffic signal fail,39.763995,-104.914164
Downtown Avenue,2024-12-21 15:09:00,High,Multi-vehicle crash,34.093192,-118.233982
Main Street,2024-12-21 03:35:00,Medium,Traffic signal fail,40.738148,-73.990925
Hilltop Street,2024-12-21 14:28:00,Medium,Pedestrian crossing,37.770696,-122.421161
Lakeview Parkway,2024-12-20 23:36:00,Medium,Fog,39.772411,-104.902053
Lakeview Parkway,2024-12-21 08:09:00,High,Pedestrian crossing,39.772433,-104.905178
Broadway Boulevard,2024-12-20 16:16:00,Medium,Road debris,38.914619,-77.039673
Elmwood Road,2024-12-20 13:57:00,Low,Road debris,41.895294,-87.648402
Cedar Lane,2024-12-21 12:46:00,Low,Road debris,42.3804,-71.037701
Hilltop Street,2024-12-20 22:06:00,High,Multi-vehicle crash,37.774834,-122.420751
Oakwood Drive,2024-12-20 21:52:00,Low,Pedestrian crossing,33.762997,-96.75682
Broadway Boulevard,2024-12-21 12:08:00,High,Construction work,38.945209,-77.049564
Broadway Boulevard,2024-12-21 07:12:00,Low,Animal on road,38.93379,-77.04805
Oakwood Drive,2024-12-20 17:02:00,High,Road debris,33.789627,-96.782303
Cedar Lane,2024-12-20 09:32:00,High,Heavy rain,42.367234,-71.021732
Cedar Lane,2024-12-21 06:23:00,High,Fog,42.391518,-71.040572
Main Street,2024-12-21 19:47:00,Medium,Multi-vehicle crash,40.736179,-73.989837
Main Street,2024-12-21 15:10:00,High,Animal on road,40.714978,-73.983018
Main Street,2024-12-20 01:33:00,Medium,Multi-vehicle crash,40.739254,-73.985987
Riverfront Drive,2024-12-21 11:45:00,Medium,Vehicle breakdown,36.142159,-115.145062
Elmwood Road,2024-12-21 17:31:00,Medium,Animal on road,41.88408,-87.617452
Hilltop Street,2024-12-20 20:11:00,Medium,Road debris,37.797442,-122.442019
Lakeview Parkway,2024-12-21 10:56:00,Low,Construction work,39.79102,-104.926649
Elmwood Road,2024-12-20 14:54:00,Medium,Vehicle breakdown,41.875695,-87.6276
Lakeview Parkway,2024-12-20 01:06:00,Medium,Construction work,39.761655,-104.926375
Maple Avenue,2024-12-21 04:30:00,High,Traffic signal fail,35.06245,-106.639056
Lakeview Parkway,2024-12-20 20:17:00,Medium,Vehicle breakdown,39.766808,-104.939822
Broadway Boulevard,2024-12-20 01:19:00,Medium,Road debris,38.906309,-77.020474
Lakeview Parkway,2024-12-20 19:51:00,Low,Multi-vehicle crash,39.755111,-104.922543
Oakwood Drive,2024-12-21 17:23:00,Medium,Fog,33.778921,-96.798737
Oakwood Drive,2024-12-21 15:13:00,Medium,Animal on road,33.799136,-96.763416
Cedar Lane,2024-12-20 15:00:00,Medium,Fog,42.398606,-71.003412
Oakwood Drive,2024-12-21 14:24:00,High,Road debris,33.762792,-96.762804
Oakwood Drive,2024-12-21 01:00:00,Low,Multi-vehicle crash,33.796749,-96.754464
Riverfront Drive,2024-12-20 03:37:00,Low,Traffic signal fail,36.102722,-115.14494
Broadway Boulevard,2024-12-20 00:20:00,High,Fog,38.9313,-77.007603
Oakwood Drive,2024-12-21 21:25:00,Medium,Fog,33.773212,-96.788359
Hilltop Street,2024-12-20 18:10:00,High,Heavy rain,37.766191,-122.400169
Oakwood Drive,2024-12-21 03:55:00,Medium,Animal on road,33.772733,-96.756333
Main Street,2024-12-20 11:55:00,Medium,Construction work,40.703127,-73.952364
Riverfront Drive,2024-12-20 19:22:00,High,Road debris,36.127946,-115.138394
Hilltop Street,2024-12-21 15:36:00,Low,Animal on road,37.790092,-122.403864
Lakeview Parkway,2024-12-20 15:32:00,Low,Multi-vehicle crash,39.772745,-104.93104
Elmwood Road,2024-12-21 14:27:00,Medium,Heavy rain,41.869977,-87.616922
Main Street,2024-12-21 09:09:00,High,Vehicle breakdown,40.749869,-73.973191
Maple Avenue,2024-12-21 12:28:00,Low,Vehicle breakdown,35.071355,-106.606182
Hilltop Street,2024-12-21 11:57:00,Medium,Construction work,37.798812,-122.434691
Hilltop Street,2024-12-20 13:14:00,High,Vehicle breakdown,37.789992,-122.420279
Lakeview Parkway,2024-12-21 16:27:00,Low,Multi-vehicle crash,39.770662,-104.929094
Main Street,2024-12-21 13:17:00,Low,Road debris,40.720631,-73.96129
Main Street,2024-12-21 15:26:00,Low,Construction work,40.706461,-73.967485
Main Street,2024-12-20 13:15:00,Medium,Multi-vehicle crash,40.726437,-73.986481
Oakwood Drive,2024-12-20 10:53:00,Medium,Animal on road,33.788058,-96.777086
Cedar Lane,2024-12-21 13:48:00,Low,Road debris,42.355791,-71.016054
Maple Avenue,2024-12-21 17:31:00,High,Heavy rain,35.069041,-106.630354
Maple Avenue,2024-12-21 19:18:00,Medium,Animal on road,35.052779,-106.631433
Downtown Avenue,2024-12-20 17:19:00,High,Vehicle breakdown,34.071252,-118.203781
Riverfront Drive,2024-12-20 20:45:00,Low,Fog,36.119187,-115.116639
Hilltop Street,2024-12-20 20:33:00,Low,Fog,37.79176,-122.421684
Broadway Boulevard,2024-12-20 16:26:00,Medium,Animal on road,38.926014,-77.010179
Hilltop Street,2024-12-21 17:49:00,Low,Road debris,37.757912,-122.412411
Maple Avenue,2024-12-20 16:20:00,Low,Pedestrian crossing,35.054001,-106.621396
Elmwood Road,2024-12-21 00:35:00,Low,Traffic signal fail,41.853516,-87.604615
Riverfront Drive,2024-12-21 04:51:00,Medium,Multi-vehicle crash,36.146207,-115.140795
Downtown Avenue,2024-12-20 11:34:00,Low,Pedestrian crossing,34.055557,-118.204009
Cedar Lane,2024-12-21 22:49:00,Medium,Pedestrian crossing,42.389399,-71.022441
Broadway Boulevard,2024-12-21 12:57:00,Low,Pedestrian crossing,38.904716,-77.045166
Maple Avenue,2024-12-21 07:56:00,High,Traffic signal fail,35.080705,-106.616953
Maple Avenue,2024-12-20 09:52:00,High,Road debris,35.069314,-106.618528
Elmwood Road,2024-12-20 04:21:00,Medium,Heavy rain,41.892876,-87.613098
Cedar Lane,2024-12-21 22:01:00,Medium,Fog,42.388436,-71.011191
Hilltop Street,2024-12-21 13:47:00,Medium,Construction work,37.755195,-122.434708
Maple Avenue,2024-12-21 08:52:00,Low,Road debris,35.079392,-106.640186
Maple Avenue,2024-12-21 00:21:00,Medium,Traffic signal fail,35.056392,-106.6117
Oakwood Drive,2024-12-20 19:35:00,Low,Pedestrian crossing,33.764036,-96.78463
Broadway Boulevard,2024-12-21 19:36:00,Medium,Pedestrian crossing,38.909693,-77.04219
Elmwood Road,2024-12-21 03:07:00,Medium,Construction work,41.850126,-87.606063
Downtown Avenue,2024-12-21 08:42:00,Low,Traffic signal fail,34.052054,-118.216265
Lakeview Parkway,2024-12-21 19:47:00,High,Traffic signal fail,39.754617,-104.910927
Hilltop Street,2024-12-20 11:10:00,Medium,Animal on road,37.770949,-122.410601
Main Street,2024-12-21 05:05:00,Low,Construction work,40.701416,-73.964538
Downtown Avenue,2024-12-20 19:19:00,High,Pedestrian crossing,34.067361,-118.238579
Main Street,2024-12-21 05:25:00,Medium,Heavy rain,40.711581,-73.957698
Hilltop Street,2024-12-20 12:26:00,High,Fog,37.7975,-122.427087
Oakwood Drive,2024-12-20 21:12:00,High,Construction work,33.763987,-96.750866
Oakwood Drive,2024-12-20 21:32:00,Medium,Heavy rain,33.767491,-96.766091
Hilltop Street,2024-12-20 16:13:00,High,Fog,37.763562,-122.439101
Lakeview Parkway,2024-12-21 03:03:00,High,Heavy rain,39.783151,-104.909564
Downtown Avenue,2024-12-20 03:38:00,High,Pedestrian crossing,34.070684,-118.203718
Elmwood Road,2024-12-21 23:24:00,Low,Animal on road,41.897333,-87.616223
Lakeview Parkway,2024-12-21 11:47:00,High,Construction work,39.798154,-104.939078
Hilltop Street,2024-12-20 12:40:00,Medium,Multi-vehicle crash,37.757186,-122.409833
Oakwood Drive,2024-12-21 09:44:00,Medium,Pedestrian crossing,33.79977,-96.765428
Lakeview Parkway,2024-12-20 05:41:00,High,Construction work,39.767195,-104.908079
Oakwood Drive,2024-12-20 17:47:00,Medium,Fog,33.758735,-96.760145
Downtown Avenue,2024-12-21 06:12:00,Medium,Traffic signal fail,34.060863,-118.246711
Main Street,2024-12-22 00:00:00,Medium,Heavy rain,40.740456,-73.976189
Hilltop Street,2024-12-21 02:58:00,Medium,Heavy rain,37.76115,-122.427283
Broadway Boulevard,2024-12-21 10:10:00,Low,Construction work,38.943524,-77.007536
Downtown Avenue,2024-12-21 14:47:00,Medium,Pedestrian crossing,34.081759,-118.204831
Elmwood Road,2024-12-21 05:47:00,Low,Animal on road,41.875487,-87.646858
Downtown Avenue,2024-12-20 09:34:00,High,Traffic signal fail,34.092276,-118.210336
Cedar Lane,2024-12-20 21:07:00,Medium,Traffic signal fail,42.373641,-71.016739
Elmwood Road,2024-12-20 12:31:00,Low,Road debris,41.871945,-87.625932
Elmwood Road,2024-12-21 01:45:00,Medium,Fog,41.867193,-87.627955
Elmwood Road,2024-12-20 20:40:00,High,Vehicle breakdown,41.852634,-87.613954
Lakeview Parkway,2024-12-20 19:25:00,Medium,Vehicle breakdown,39.770565,-104.920945
Broadway Boulevard,2024-12-20 18:32:00,Low,Heavy rain,38.930456,-77.0001
Main Street,2024-12-21 07:42:00,Medium,Multi-vehicle crash,40.722172,-73.989352
Oakwood Drive,2024-12-20 17:48:00,High,Traffic signal fail,33.799191,-96.769617
Oakwood Drive,2024-12-20 10:00:00,Medium,Vehicle breakdown,33.783535,-96.785625
Broadway Boulevard,2024-12-20 18:50:00,Medium,Construction work,38.903543,-77.029631
Hilltop Street,2024-12-21 12:07:00,Low,Traffic signal fail,37.760181,-122.429219
Broadway Boulevard,2024-12-20 23:57:00,Low,Construction work,38.931978,-77.005223
Broadway Boulevard,2024-12-20 21:44:00,Medium,Construction work,38.946454,-77.027314
Riverfront Drive,2024-12-20 20:43:00,High,Construction work,36.116905,-115.112018
Cedar Lane,2024-12-21 05:02:00,Low,Road debris,42.385425,-71.018791
Downtown Avenue,2024-12-20 11:48:00,High,Fog,34.082438,-118.234565
Riverfront Drive,2024-12-20 00:31:00,Low,Construction work,36.103926,-115.138648
Maple Avenue,2024-12-20 10:30:00,Low,Construction work,35.069815,-106.60146
Elmwood Road,2024-12-20 15:44:00,Low,Construction work,41.869325,-87.629514
Main Street,2024-12-20 12:52:00,Medium,Road debris,40.742481,-73.977845
Maple Avenue,2024-12-21 18:39:00,Low,Traffic signal fail,35.080218,-106.615884
Maple Avenue,2024-12-20 12:01:00,Medium,Animal on road,35.057911,-106.627568
Main Street,2024-12-21 22:13:00,Medium,Pedestrian crossing,40.711523,-73.981861
Cedar Lane,2024-12-20 21:11:00,High,Multi-vehicle crash,42.356667,-71.027173
Hilltop Street,2024-12-21 13:47:00,Low,Construction work,37.766095,-122.445699
Main Street,2024-12-21 15:41:00,Medium,Construction work,40.703525,-73.955192
Broadway Boulevard,2024-12-20 15:38:00,Low,Construction work,38.903096,-77.02627
Lakeview Parkway,2024-12-20 22:06:00,Medium,Multi-vehicle crash,39.793922,-104.913276
Riverfront Drive,2024-12-20 08:10:00,Low,Vehicle breakdown,36.145564,-115.108446
Lakeview Parkway,2024-12-21 22:35:00,High,Multi-vehicle crash,39.769992,-104.92398
Cedar Lane,2024-12-20 13:46:00,Medium,Heavy rain,42.373325,-71.027845
Downtown Avenue,2024-12-20 03:09:00,Medium,Construction work,34.060721,-118.228037
Riverfront Drive,2024-12-21 03:43:00,Low,Heavy rain,36.10855,-115.127047
Broadway Boulevard,2024-12-21 07:05:00,Low,Vehicle breakdown,38.92126,-77.01911
Oakwood Drive,2024-12-20 09:33:00,Medium,Road debris,33.792718,-96.759848
Riverfront Drive,2024-12-21 07:48:00,Medium,Heavy rain,36.14128,-115.124476
Main Street,2024-12-21 11:51:00,High,Road debris,40.732438,-73.971174
Main Street,2024-12-21 10:02:00,High,Construction work,40.721696,-73.954814
Lakeview Parkway,2024-12-20 07:19:00,High,Multi-vehicle crash,39.770709,-104.909028
Downtown Avenue,2024-12-20 21:38:00,High,Road debris,34.054137,-118.220146
Oakwood Drive,2024-12-21 05:13:00,Medium,Road debris,33.792429,-96.777987
Riverfront Drive,2024-12-21 19:35:00,High,Multi-vehicle crash,36.10192,-115.133545
Elmwood Road,2024-12-21 19:35:00,Medium,Vehicle breakdown,41.863392,-87.621857
Oakwood Drive,2024-12-21 18:49:00,Low,Animal on road,33.757966,-96.764639
Downtown Avenue,2024-12-20 03:26:00,Medium,Vehicle breakdown,34.075919,-118.236284
Oakwood Drive,2024-12-21 19:03:00,High,Traffic signal fail,33.77876,-96.794192
Hilltop Street,2024-12-20 07:45:00,Medium,Road debris,37.786674,-122.409637
Main Street,2024-12-21 12:02:00,Medium,Fog,40.724022,-73.977949
Main Street,2024-12-21 04:51:00,Low,Construction work,40.711141,-73.95759
Cedar Lane,2024-12-20 10:06:00,Medium,Heavy rain,42.353439,-71.03134
Riverfront Drive,2024-12-21 15:23:00,Low,Vehicle breakdown,36.123533,-115.134571
Main Street,2024-12-20 18:47:00,High,Construction work,40.738232,-73.953222
Main Street,2024-12-21 22:42:00,High,Construction work,40.743568,-73.953582
Hilltop Street,2024-12-21 20:05:00,Low,Fog,37.784299,-122.400946
Oakwood Drive,2024-12-21 06:14:00,Medium,Road debris,33.796947,-96.750775
Maple Avenue,2024-12-20 10:47:00,Medium,Construction work,35.082883,-106.645145
Main Street,2024-12-21 00:01:00,Medium,Traffic signal fail,40.713246,-73.985293
Hilltop Street,2024-12-20 02:32:00,High,Heavy rain,37.764024,-122.412084
Hilltop Street,2024-12-21 23:10:00,Low,Pedestrian crossing,37.776026,-122.444387
Lakeview Parkway,2024-12-21 12:43:00,Low,Multi-vehicle crash,39.776139,-104.924382
Riverfront Drive,2024-12-20 12:16:00,Low,Road debris,36.149212,-115.102331
Lakeview Parkway,2024-12-20 02:32:00,High,Construction work,39.763646,-104.902526
Riverfront Drive,2024-12-21 02:18:00,High,Construction work,36.119731,-115.139291
Cedar Lane,2024-12-21 12:04:00,High,Fog,42.385621,-71.026055
Main Street,2024-12-20 06:15:00,Medium,Pedestrian crossing,40.701003,-73.97511
Lakeview Parkway,2024-12-21 17:41:00,Low,Heavy rain,39.758817,-104.919976
Main Street,2024-12-20 02:47:00,Medium,Vehicle breakdown,40.721594,-73.966585
Hilltop Street,2024-12-21 00:46:00,Low,Vehicle breakdown,37.767499,-122.442431
Hilltop Street,2024-12-20 08:08:00,High,Road debris,37.790981,-122.427704
Hilltop Street,2024-12-21 21:54:00,Low,Fog,37.775964,-122.424721
Downtown Avenue,2024-12-20 10:57:00,High,Fog,34.061061,-118.212929
Hilltop Street,2024-12-21 12:40:00,High,Pedestrian crossing,37.782458,-122.435661
Main Street,2024-12-20 21:16:00,High,Fog,40.716802,-73.965493
Hilltop Street,2024-12-21 09:14:00,Low,Fog,37.782587,-122.404156
Downtown Avenue,2024-12-20 10:38:00,Medium,Multi-vehicle crash,34.077852,-118.2275
Lakeview Parkway,2024-12-20 19:30:00,High,Construction work,39.767459,-104.908011
Lakeview Parkway,2024-12-20 12:52:00,Low,Traffic signal fail,39.7968,-104.909552
Riverfront Drive,2024-12-21 03:43:00,Low,Vehicle breakdown,36.127307,-115.10556
Maple Avenue,2024-12-20 17:00:00,High,Traffic signal fail,35.071916,-106.63853
Downtown Avenue,2024-12-21 18:30:00,Medium,Construction work,34.077992,-118.243961
Broadway Boulevard,2024-12-21 01:15:00,High,Fog,38.932467,-77.02038
Oakwood Drive,2024-12-21 23:47:00,High,Construction work,33.754224,-96.766934
Maple Avenue,2024-12-21 02:13:00,High,Multi-vehicle crash,35.056587,-106.608459
Oakwood Drive,2024-12-21 06:20:00,Medium,Animal on road,33.76693,-96.754099
Broadway Boulevard,2024-12-21 10:47:00,Low,Vehicle breakdown,38.903966,-77.027947
Cedar Lane,2024-12-20 21:21:00,Low,Pedestrian crossing,42.356473,-71.00813
Cedar Lane,2024-12-21 22:56:00,High,Fog,42.364803,-71.02484
Cedar Lane,2024-12-20 04:29:00,Low,Vehicle breakdown,42.360202,-71.028289
Maple Avenue,2024-12-20 13:41:00,Medium,Traffic signal fail,35.060017,-106.622139
Maple Avenue,2024-12-20 19:55:00,Medium,Fog,35.061111,-106.630155
Hilltop Street,2024-12-20 06:54:00,Medium,Multi-vehicle crash,37.787774,-122.428825
Maple Avenue,2024-12-20 02:56:00,Medium,Traffic signal fail,35.051075,-106.633585
Lakeview Parkway,2024-12-21 03:51:00,High,Pedestrian crossing,39.778028,-104.916266
Main Street,2024-12-20 08:00:00,High,Multi-vehicle crash,40.706024,-73.981599
Elmwood Road,2024-12-20 01:27:00,High,Pedestrian crossing,41.885362,-87.646506
Maple Avenue,2024-12-20 06:51:00,Low,Heavy rain,35.083863,-106.640135
Hilltop Street,2024-12-20 20:49:00,Medium,Vehicle breakdown,37.767379,-122.438244
Cedar Lane,2024-12-21 18:03:00,Low,Construction work,42.372511,-71.020069
Maple Avenue,2024-12-21 08:09:00,Medium,Pedestrian crossing,35.079231,-106.600114
Riverfront Drive,2024-12-21 08:55:00,Low,Heavy rain,36.145904,-115.140274
Maple Avenue,2024-12-20 07:16:00,High,Heavy rain,35.058707,-106.610737
Maple Avenue,2024-12-21 08:51:00,Low,Vehicle breakdown,35.057571,-106.603417
Hilltop Street,2024-12-20 17:17:00,Medium,Construction work,37.767368,-122.402029
Elmwood Road,2024-12-20 13:26:00,Medium,Pedestrian crossing,41.865396,-87.646143
Oakwood Drive,2024-12-21 03:02:00,High,Heavy rain,33.753819,-96.766012
Riverfront Drive,2024-12-20 05:49:00,High,Traffic signal fail,36.147319,-115.135637
Cedar Lane,2024-12-20 22:53:00,High,Pedestrian crossing,42.396632,-71.039025
Oakwood Drive,2024-12-21 22:00:00,Medium,Traffic signal fail,33.775788,-96.790093
Elmwood Road,2024-12-21 09:06:00,High,Vehicle breakdown,41.883432,-87.610215
Riverfront Drive,2024-12-20 06:44:00,Low,Fog,36.132325,-115.125858
Riverfront Drive,2024-12-20 00:40:00,High,Heavy rain,36.120348,-115.118161
Hilltop Street,2024-12-21 21:58:00,Low,Pedestrian crossing,37.76606,-122.413411
Cedar Lane,2024-12-21 18:01:00,Low,Fog,42.361816,-71.00929
Elmwood Road,2024-12-20 06:16:00,High,Construction work,41.85239,-87.621065
Riverfront Drive,2024-12-21 03:32:00,Low,Pedestrian crossing,36.14226,-115.121043
Cedar Lane,2024-12-20 15:11:00,Medium,Animal on road,42.356962,-71.010149
Broadway Boulevard,2024-12-20 15:25:00,High,Animal on road,38.900452,-77.02522
Downtown Avenue,2024-12-20 04:45:00,Medium,Construction work,34.085417,-118.244469
Broadway Boulevard,2024-12-21 05:04:00,Low,Construction work,38.919678,-77.038778
Oakwood Drive,2024-12-21 22:57:00,Medium,Traffic signal fail,33.792297,-96.786409
Hilltop Street,2024-12-20 12:18:00,Medium,Pedestrian crossing,37.767879,-122.406776
Elmwood Road,2024-12-21 18:17:00,Low,Traffic signal fail,41.878271,-87.605472
Broadway Boulevard,2024-12-20 10:40:00,High,Vehicle breakdown,38.948753,-77.006411
Cedar Lane,2024-12-21 03:53:00,Medium,Pedestrian crossing,42.398939,-71.004247
Lakeview Parkway,2024-12-20 08:43:00,High,Pedestrian crossing,39.774533,-104.912414
Downtown Avenue,2024-12-20 02:40:00,Low,Fog,34.07937,-118.241622
Hilltop Street,2024-12-20 10:53:00,High,Vehicle breakdown,37.775709,-122.422785
Oakwood Drive,2024-12-21 00:09:00,Low,Multi-vehicle crash,33.75576,-96.787294
Downtown Avenue,2024-12-20 12:40:00,Low,Construction work,34.078424,-118.224842
Maple Avenue,2024-12-21 21:04:00,Medium,Traffic signal fail,35.085183,-106.631909
Broadway Boulevard,2024-12-21 03:03:00,High,Animal on road,38.915375,-77.046039
Riverfront Drive,2024-12-21 02:12:00,Low,Road debris,36.110273,-115.108788
Lakeview Parkway,2024-12-21 07:26:00,High,Multi-vehicle crash,39.797874,-104.919812
Broadway Boulevard,2024-12-21 19:13:00,Low,Multi-vehicle crash,38.936366,-77.038451
Main Street,2024-12-20 15:54:00,Medium,Road debris,40.740532,-73.96863
Main Street,2024-12-20 07:26:00,High,Pedestrian crossing,40.74683,-73.983113
Main Street,2024-12-21 19:26:00,High,Multi-vehicle crash,40.712442,-73.974469
Downtown Avenue,2024-12-20 06:41:00,Medium,Heavy rain,34.05669,-118.245845
Lakeview Parkway,2024-12-21 16:17:00,Medium,Animal on road,39.777867,-104.938288
Downtown Avenue,2024-12-21 17:39:00,High,Construction work,34.057047,-118.201943
Main Street,2024-12-20 02:51:00,High,Construction work,40.743232,-73.989821
Downtown Avenue,2024-12-21 15:21:00,Medium,Traffic signal fail,34.093925,-118.228266
Broadway Boulevard,2024-12-20 21:35:00,Medium,Fog,38.943972,-77.029331
Oakwood Drive,2024-12-21 14:44:00,Low,Construction work,33.757704,-96.753215
Riverfront Drive,2024-12-21 20:34:00,Low,Vehicle breakdown,36.111813,-115.127099
Main Street,2024-12-21 19:06:00,Low,Vehicle breakdown,40.72225,-73.997648
Riverfront Drive,2024-12-20 00:31:00,Low,Multi-vehicle crash,36.139697,-115.115062
Oakwood Drive,2024-12-20 19:51:00,Medium,Traffic signal fail,33.776539,-96.760637
Oakwood Drive,2024-12-21 13:36:00,Low,Construction work,33.752466,-96.784166
Maple Avenue,2024-12-20 10:13:00,High,Fog,35.061652,-106.633241
Main Street,2024-12-21 08:17:00,High,Pedestrian crossing,40.731202,-73.969004
Broadway Boulevard,2024-12-21 10:56:00,Medium,Animal on road,38.90776,-77.006714
Oakwood Drive,2024-12-21 18:10:00,Medium,Vehicle breakdown,33.792716,-96.794579
Lakeview Parkway,2024-12-21 15:05:00,High,Fog,39.781204,-104.93481
Oakwood Drive,2024-12-22 00:00:00,Medium,Traffic signal fail,33.789022,-96.751887
Hilltop Street,2024-12-20 23:28:00,Low,Fog,37.788221,-122.42222
Elmwood Road,2024-12-20 17:53:00,Medium,Heavy rain,41.891204,-87.628546
Cedar Lane,2024-12-21 00:46:00,High,Construction work,42.363719,-71.047189
Hilltop Street,2024-12-20 00:09:00,Low,Construction work,37.75263,-122.41391
Riverfront Drive,2024-12-20 02:10:00,Low,Multi-vehicle crash,36.108067,-115.106242
Downtown Avenue,2024-12-20 20:07:00,Low,Traffic signal fail,34.053215,-118.220891
Elmwood Road,2024-12-20 17:09:00,Low,Heavy rain,41.897412,-87.605174
Broadway Boulevard,2024-12-20 10:10:00,Medium,Traffic signal fail,38.907935,-77.045944
Maple Avenue,2024-12-20 20:51:00,Medium,Pedestrian crossing,35.093999,-106.615568
Main Street,2024-12-21 19:33:00,Medium,Traffic signal fail,40.729525,-73.965562
Riverfront Drive,2024-12-20 17:47:00,High,Heavy rain,36.126742,-115.13738
Broadway Boulevard,2024-12-20 21:59:00,Low,Animal on road,38.900737,-77.037516
Maple Avenue,2024-12-21 14:02:00,Medium,Multi-vehicle crash,35.080125,-106.643631
Cedar Lane,2024-12-21 10:46:00,Medium,Fog,42.39099,-71.007778
Oakwood Drive,2024-12-20 04:16:00,High,Traffic signal fail,33.7558,-96.79852
Main Street,2024-12-20 09:23:00,High,Vehicle breakdown,40.7029,-73.970984
Broadway Boulevard,2024-12-21 17:44:00,Medium,Vehicle breakdown,38.905747,-77.006661
Downtown Avenue,2024-12-20 19:47:00,Low,Animal on road,34.089784,-118.233545
Oakwood Drive,2024-12-21 14:44:00,Low,Construction work,33.799222,-96.795156
Hilltop Street,2024-12-21 14:04:00,Low,Heavy rain,37.773118,-122.426747
Broadway Boulevard,2024-12-21 20:59:00,Medium,Fog,38.947608,-77.005547
Maple Avenue,2024-12-20 15:45:00,Low,Heavy rain,35.077795,-106.645744
Broadway Boulevard,2024-12-21 17:16:00,Low,Heavy rain,38.936486,-77.031253
Riverfront Drive,2024-12-21 08:45:00,Low,Traffic signal fail,36.123613,-115.148857
Main Street,2024-12-21 16:12:00,Low,Pedestrian crossing,40.74874,-73.980389
Cedar Lane,2024-12-21 12:54:00,High,Road debris,42.365199,-71.028399
Lakeview Parkway,2024-12-20 01:45:00,High,Road debris,39.798105,-104.949553
Main Street,2024-12-21 13:07:00,Medium,Animal on road,40.71349,-73.983486
Maple Avenue,2024-12-21 16:48:00,Low,Multi-vehicle crash,35.069194,-106.613072
Oakwood Drive,2024-12-21 14:34:00,Low,Pedestrian crossing,33.773196,-96.770499
Elmwood Road,2024-12-20 16:24:00,Medium,Multi-vehicle crash,41.856221,-87.647871
Oakwood Drive,2024-12-20 16:30:00,Medium,Vehicle breakdown,33.75906,-96.78068
Maple Avenue,2024-12-21 01:00:00,High,Road debris,35.052202,-106.648392
Broadway Boulevard,2024-12-21 07:02:00,Low,Road debris,38.94471,-77.030171
Hilltop Street,2024-12-21 08:12:00,Medium,Vehicle breakdown,37.769856,-122.423244
Elmwood Road,2024-12-21 20:52:00,Low,Construction work,41.894539,-87.64894
Hilltop Street,2024-12-21 23:49:00,Low,Construction work,37.769818,-122.413027
Lakeview Parkway,2024-12-20 01:50:00,Medium,Multi-vehicle crash,39.762651,-104.920756
Elmwood Road,2024-12-21 10:18:00,Low,Pedestrian crossing,41.876418,-87.630345
Broadway Boulevard,2024-12-20 10:50:00,Medium,Traffic signal fail,38.922436,-77.041714
Broadway Boulevard,2024-12-21 05:07:00,Medium,Pedestrian crossing,38.918611,-77.032999
Main Street,2024-12-21 14:06:00,High,Road debris,40.73929,-73.9605
Broadway Boulevard,2024-12-20 06:42:00,Low,Pedestrian crossing,38.911699,-77.017881
Broadway Boulevard,2024-12-20 15:37:00,Low,Fog,38.908024,-77.008612
Downtown Avenue,2024-12-21 10:57:00,Medium,Construction work,34.085888,-118.205506
Elmwood Road,2024-12-20 11:17:00,High,Vehicle breakdown,41.88965,-87.619702
Maple Avenue,2024-12-21 17:45:00,Medium,Heavy rain,35.061566,-106.614682
Elmwood Road,2024-12-20 16:22:00,Medium,Heavy rain,41.896953,-87.627047
Lakeview Parkway,2024-12-21 09:58:00,High,Heavy rain,39.787454,-104.917179
Oakwood Drive,2024-12-21 01:11:00,High,Pedestrian crossing,33.773681,-96.79085
Lakeview Parkway,2024-12-20 07:13:00,Low,Construction work,39.762322,-104.932788
Cedar Lane,2024-12-21 20:52:00,High,Traffic signal fail,42.365982,-71.022608
Hilltop Street,2024-12-21 13:59:00,Medium,Vehicle breakdown,37.754529,-122.410842
Lakeview Parkway,2024-12-20 11:46:00,High,Vehicle breakdown,39.77934,-104.944222
Maple Avenue,2024-12-20 01:46:00,Medium,Pedestrian crossing,35.079682,-106.62503
Maple Avenue,2024-12-21 21:30:00,Medium,Vehicle breakdown,35.083502,-106.61939
Riverfront Drive,2024-12-20 22:42:00,Low,Road debris,36.104415,-115.124622
Downtown Avenue,2024-12-21 10:22:00,Low,Animal on road,34.058068,-118.219094
Downtown Avenue,2024-12-21 08:56:00,Medium,Animal on road,34.097819,-118.211249
Elmwood Road,2024-12-21 07:57:00,Medium,Heavy rain,41.89578,-87.629902
Downtown Avenue,2024-12-20 14:05:00,Low,Traffic signal fail,34.093664,-118.221451
Cedar Lane,2024-12-20 08:36:00,High,Heavy rain,42.392568,-71.009075
Oakwood Drive,2024-12-20 03:57:00,Low,Pedestrian crossing,33.792715,-96.792281
Hilltop Street,2024-12-20 06:47:00,Low,Pedestrian crossing,37.792874,-122.405369
Downtown Avenue,2024-12-20 23:18:00,Medium,Multi-vehicle crash,34.091635,-118.219139
Lakeview Parkway,2024-12-20 16:42:00,Medium,Traffic signal fail,39.788129,-104.906105
Maple Avenue,2024-12-20 17:33:00,Low,Animal on road,35.063023,-106.625841
Lakeview Parkway,2024-12-20 22:15:00,Low,Multi-vehicle crash,39.773277,-104.919659
Broadway Boulevard,2024-12-21 11:26:00,Low,Traffic signal fail,38.935986,-77.026853
Cedar Lane,2024-12-20 04:29:00,Low,Fog,42.392093,-71.009012
Oakwood Drive,2024-12-21 16:28:00,High,Heavy rain,33.763856,-96.794533
Maple Avenue,2024-12-20 00:52:00,Low,Pedestrian crossing,35.056616,-106.639074
Lakeview Parkway,2024-12-21 14:37:00,High,Pedestrian crossing,39.774921,-104.918439
Hilltop Street,2024-12-20 04:47:00,Low,Fog,37.775832,-122.401468
Maple Avenue,2024-12-21 14:50:00,Medium,Construction work,35.08923,-106.630822
Oakwood Drive,2024-12-21 17:07:00,High,Road debris,33.764354,-96.791483
Main Street,2024-12-21 05:55:00,Medium,Animal on road,40.733667,-73.976899
Maple Avenue,2024-12-21 08:56:00,Low,Heavy rain,35.060046,-106.609435
Elmwood Road,2024-12-21 12:53:00,Low,Fog,41.888237,-87.644689
Hilltop Street,2024-12-21 06:42:00,High,Traffic signal fail,37.793227,-122.415585
Hilltop Street,2024-12-21 08:13:00,Medium,Fog,37.791714,-122.435576
Hilltop Street,2024-12-21 17:27:00,Medium,Heavy rain,37.785429,-122.440284
Broadway Boulevard,2024-12-20 07:00:00,High,Vehicle breakdown,38.933256,-77.000537
Lakeview Parkway,2024-12-20 05:32:00,Low,Multi-vehicle crash,39.750552,-104.949674
Lakeview Parkway,2024-12-21 11:26:00,Medium,Fog,39.775007,-104.945469
Lakeview Parkway,2024-12-21 04:44:00,Low,Animal on road,39.790351,-104.93904
Oakwood Drive,2024-12-21 17:07:00,Low,Animal on road,33.781662,-96.797167
Hilltop Street,2024-12-20 11:42:00,High,Pedestrian crossing,37.790631,-122.444518
Oakwood Drive,2024-12-21 18:31:00,Low,Vehicle breakdown,33.785584,-96.783045
Downtown Avenue,2024-12-21 10:56:00,Medium,Animal on road,34.091391,-118.230254
Lakeview Parkway,2024-12-20 17:10:00,Medium,Construction work,39.777338,-104.93312
Downtown Avenue,2024-12-20 05:14:00,Medium,Multi-vehicle crash,34.055884,-118.22241
Maple Avenue,2024-12-21 10:26:00,High,Multi-vehicle crash,35.055096,-106.638545
Broadway Boulevard,2024-12-20 05:56:00,Medium,Multi-vehicle crash,38.928651,-77.027196
Broadway Boulevard,2024-12-20 07:28:00,Low,Vehicle breakdown,38.918781,-77.021481
Hilltop Street,2024-12-20 10:49:00,Medium,Heavy rain,37.759013,-122.418066
Oakwood Drive,2024-12-21 04:59:00,Low,Vehicle breakdown,33.78371,-96.755576
Elmwood Road,2024-12-20 11:51:00,Low,Road debris,41.86838,-87.627212
Main Street,2024-12-21 00:51:00,Low,Pedestrian crossing,40.71098,-73.951745
Maple Avenue,2024-12-21 00:53:00,Medium,Vehicle breakdown,35.050805,-106.623928
Lakeview Parkway,2024-12-21 23:40:00,High,Road debris,39.780203,-104.942017
Riverfront Drive,2024-12-21 19:28:00,Medium,Pedestrian crossing,36.109258,-115.102821
Riverfront Drive,2024-12-21 15:38:00,High,Heavy rain,36.132287,-115.104267
Riverfront Drive,2024-12-20 16:05:00,Low,Multi-vehicle crash,36.134093,-115.107985
